Country Name,Country Code,Indicator Name,Indicator Code,1960,1961,1962,1963,1964,1965,1966,1967,1968,1969,1970,1971,1972,1973,1974,1975,1976,1977,1978,1979,1980,1981,1982,1983,1984,1985,1986,1987,1988,1989,1990,1991,1992,1993,1994,1995,1996,1997,1998,1999,2000,2001,2002,2003,2004,2005,2006,2007,2008,2009,2010,2011,2012,2013,2014,2015,2016,2017,2018,2019,2020,2021,2022
Aruba,ABW,Urban land area where elevation is below 5 meters (sq. km),AG.LND.EL5M.UR.K2,,,,,,,,,,,,,,,,,,,,,,,,,,,,,,,6.158499582,,,,,,,,,,7.014442196,,,,,,,,,,,,,,,7.530315255,,,,,,,
Africa Eastern and Southern,AFE,Urban land area where elevation is below 5 meters (sq. km),AG.LND.EL5M.UR.K2,,,,,,,,,,,,,,,,,,,,,,,,,,,,,,,337.2855733,,,,,,,,,,420.034032,,,,,,,,,,,,,,,588.7284091,,,,,,,
Afghanistan,AFG,Urban land area where elevation is below 5 meters (sq. km),AG.LND.EL5M.UR.K2,,,,,,,,,,,,,,,,,,,,,,,,,,,,,,,0,,,,,,,,,,0,,,,,,,,,,,,,,,0,,,,,,,
Africa Western and Central,AFW,Urban land area where elevation is below 5 meters (sq. km),AG.LND.EL5M.UR.K2,,,,,,,,,,,,,,,,,,,,,,,,,,,,,,,1518.223654,,,,,,,,,,1820.360614,,,,,,,,,,,,,,,2368.04412,,,,,,,
Angola,AGO,Urban land area where elevation is below 5 meters (sq. km),AG.LND.EL5M.UR.K2,,,,,,,,,,,,,,,,,,,,,,,,,,,,,,,23.73146249,,,,,,,,,,37.90208581,,,,,,,,,,,,,,,90.12171291,,,,,,,
Albania,ALB,Urban land area where elevation is below 5 meters (sq. km),AG.LND.EL5M.UR.K2,,,,,,,,,,,,,,,,,,,,,,,,,,,,,,,52.14093507,,,,,,,,,,60.19737058,,,,,,,,,,,,,,,66.36425243,,,,,,,
Andorra,AND,Urban land area where elevation is below 5 meters (sq. km),AG.LND.EL5M.UR.K2,,,,,,,,,,,,,,,,,,,,,,,,,,,,,,,0,,,,,,,,,,0,,,,,,,,,,,,,,,0,,,,,,,
Arab World,ARB,Urban land area where elevation is below 5 meters (sq. km),AG.LND.EL5M.UR.K2,,,,,,,,,,,,,,,,,,,,,,,,,,,,,,,5329.622533,,,,,,,,,,6306.496455,,,,,,,,,,,,,,,7613.177913,,,,,,,
United Arab Emirates,ARE,Urban land area where elevation is below 5 meters (sq. km),AG.LND.EL5M.UR.K2,,,,,,,,,,,,,,,,,,,,,,,,,,,,,,,350.2673733,,,,,,,,,,398.1853614,,,,,,,,,,,,,,,528.9921712,,,,,,,
Argentina,ARG,Urban land area where elevation is below 5 meters (sq. km),AG.LND.EL5M.UR.K2,,,,,,,,,,,,,,,,,,,,,,,,,,,,,,,142.9918083,,,,,,,,,,208.4419672,,,,,,,,,,,,,,,243.1406744,,,,,,,
Armenia,ARM,Urban land area where elevation is below 5 meters (sq. km),AG.LND.EL5M.UR.K2,,,,,,,,,,,,,,,,,,,,,,,,,,,,,,,0,,,,,,,,,,0,,,,,,,,,,,,,,,0,,,,,,,
American Samoa,ASM,Urban land area where elevation is below 5 meters (sq. km),AG.LND.EL5M.UR.K2,,,,,,,,,,,,,,,,,,,,,,,,,,,,,,,0.7761419257,,,,,,,,,,0.7761419257,,,,,,,,,,,,,,,1.501205393,,,,,,,
Antigua and Barbuda,ATG,Urban land area where elevation is below 5 meters (sq. km),AG.LND.EL5M.UR.K2,,,,,,,,,,,,,,,,,,,,,,,,,,,,,,,2.629028176,,,,,,,,,,2.872171043,,,,,,,,,,,,,,,3.350954684,,,,,,,
Australia,AUS,Urban land area where elevation is below 5 meters (sq. km),AG.LND.EL5M.UR.K2,,,,,,,,,,,,,,,,,,,,,,,,,,,,,,,615.9628189,,,,,,,,,,672.7474234,,,,,,,,,,,,,,,751.9405302,,,,,,,
Austria,AUT,Urban land area where elevation is below 5 meters (sq. km),AG.LND.EL5M.UR.K2,,,,,,,,,,,,,,,,,,,,,,,,,,,,,,,0,,,,,,,,,,0,,,,,,,,,,,,,,,0,,,,,,,
Azerbaijan,AZE,Urban land area where elevation is below 5 meters (sq. km),AG.LND.EL5M.UR.K2,,,,,,,,,,,,,,,,,,,,,,,,,,,,,,,0,,,,,,,,,,0,,,,,,,,,,,,,,,0,,,,,,,
Burundi,BDI,Urban land area where elevation is below 5 meters (sq. km),AG.LND.EL5M.UR.K2,,,,,,,,,,,,,,,,,,,,,,,,,,,,,,,0,,,,,,,,,,0,,,,,,,,,,,,,,,0,,,,,,,
Belgium,BEL,Urban land area where elevation is below 5 meters (sq. km),AG.LND.EL5M.UR.K2,,,,,,,,,,,,,,,,,,,,,,,,,,,,,,,445.2192032,,,,,,,,,,471.8484146,,,,,,,,,,,,,,,521.0405314,,,,,,,
Benin,BEN,Urban land area where elevation is below 5 meters (sq. km),AG.LND.EL5M.UR.K2,,,,,,,,,,,,,,,,,,,,,,,,,,,,,,,133.3081268,,,,,,,,,,179.9525318,,,,,,,,,,,,,,,247.0004515,,,,,,,
Burkina Faso,BFA,Urban land area where elevation is below 5 meters (sq. km),AG.LND.EL5M.UR.K2,,,,,,,,,,,,,,,,,,,,,,,,,,,,,,,0,,,,,,,,,,0,,,,,,,,,,,,,,,0,,,,,,,
Bangladesh,BGD,Urban land area where elevation is below 5 meters (sq. km),AG.LND.EL5M.UR.K2,,,,,,,,,,,,,,,,,,,,,,,,,,,,,,,5770.626538,,,,,,,,,,6429.14549,,,,,,,,,,,,,,,7024.521424,,,,,,,
Bulgaria,BGR,Urban land area where elevation is below 5 meters (sq. km),AG.LND.EL5M.UR.K2,,,,,,,,,,,,,,,,,,,,,,,,,,,,,,,36.9288821,,,,,,,,,,34.88849476,,,,,,,,,,,,,,,37.54068463,,,,,,,
Bahrain,BHR,Urban land area where elevation is below 5 meters (sq. km),AG.LND.EL5M.UR.K2,,,,,,,,,,,,,,,,,,,,,,,,,,,,,,,88.73396717,,,,,,,,,,97.04579123,,,,,,,,,,,,,,,108.0431304,,,,,,,
"Bahamas, The",BHS,Urban land area where elevation is below 5 meters (sq. km),AG.LND.EL5M.UR.K2,,,,,,,,,,,,,,,,,,,,,,,,,,,,,,,15.60090366,,,,,,,,,,20.15809944,,,,,,,,,,,,,,,24.35879848,,,,,,,
Bosnia and Herzegovina,BIH,Urban land area where elevation is below 5 meters (sq. km),AG.LND.EL5M.UR.K2,,,,,,,,,,,,,,,,,,,,,,,,,,,,,,,0,,,,,,,,,,0,,,,,,,,,,,,,,,0,,,,,,,
Belarus,BLR,Urban land area where elevation is below 5 meters (sq. km),AG.LND.EL5M.UR.K2,,,,,,,,,,,,,,,,,,,,,,,,,,,,,,,0,,,,,,,,,,0,,,,,,,,,,,,,,,0,,,,,,,
Belize,BLZ,Urban land area where elevation is below 5 meters (sq. km),AG.LND.EL5M.UR.K2,,,,,,,,,,,,,,,,,,,,,,,,,,,,,,,21.48124232,,,,,,,,,,33.62195701,,,,,,,,,,,,,,,41.47743809,,,,,,,
Bermuda,BMU,Urban land area where elevation is below 5 meters (sq. km),AG.LND.EL5M.UR.K2,,,,,,,,,,,,,,,,,,,,,,,,,,,,,,,7.16590588,,,,,,,,,,7.673489114,,,,,,,,,,,,,,,11.17200469,,,,,,,
Bolivia,BOL,Urban land area where elevation is below 5 meters (sq. km),AG.LND.EL5M.UR.K2,,,,,,,,,,,,,,,,,,,,,,,,,,,,,,,0,,,,,,,,,,0,,,,,,,,,,,,,,,0,,,,,,,
Brazil,BRA,Urban land area where elevation is below 5 meters (sq. km),AG.LND.EL5M.UR.K2,,,,,,,,,,,,,,,,,,,,,,,,,,,,,,,1114.868973,,,,,,,,,,1301.687383,,,,,,,,,,,,,,,1503.744114,,,,,,,
Barbados,BRB,Urban land area where elevation is below 5 meters (sq. km),AG.LND.EL5M.UR.K2,,,,,,,,,,,,,,,,,,,,,,,,,,,,,,,5.711715614,,,,,,,,,,6.016634849,,,,,,,,,,,,,,,6.165292294,,,,,,,
Brunei Darussalam,BRN,Urban land area where elevation is below 5 meters (sq. km),AG.LND.EL5M.UR.K2,,,,,,,,,,,,,,,,,,,,,,,,,,,,,,,25.58936314,,,,,,,,,,29.34793818,,,,,,,,,,,,,,,34.03337995,,,,,,,
Bhutan,BTN,Urban land area where elevation is below 5 meters (sq. km),AG.LND.EL5M.UR.K2,,,,,,,,,,,,,,,,,,,,,,,,,,,,,,,0,,,,,,,,,,0,,,,,,,,,,,,,,,0,,,,,,,
Botswana,BWA,Urban land area where elevation is below 5 meters (sq. km),AG.LND.EL5M.UR.K2,,,,,,,,,,,,,,,,,,,,,,,,,,,,,,,0,,,,,,,,,,0,,,,,,,,,,,,,,,0,,,,,,,
Central African Republic,CAF,Urban land area where elevation is below 5 meters (sq. km),AG.LND.EL5M.UR.K2,,,,,,,,,,,,,,,,,,,,,,,,,,,,,,,0,,,,,,,,,,0,,,,,,,,,,,,,,,0,,,,,,,
Canada,CAN,Urban land area where elevation is below 5 meters (sq. km),AG.LND.EL5M.UR.K2,,,,,,,,,,,,,,,,,,,,,,,,,,,,,,,216.4242156,,,,,,,,,,236.5933672,,,,,,,,,,,,,,,290.6304929,,,,,,,
Central Europe and the Baltics,CEB,Urban land area where elevation is below 5 meters (sq. km),AG.LND.EL5M.UR.K2,,,,,,,,,,,,,,,,,,,,,,,,,,,,,,,473.4360764,,,,,,,,,,479.0124712,,,,,,,,,,,,,,,494.3553661,,,,,,,
Switzerland,CHE,Urban land area where elevation is below 5 meters (sq. km),AG.LND.EL5M.UR.K2,,,,,,,,,,,,,,,,,,,,,,,,,,,,,,,0,,,,,,,,,,0,,,,,,,,,,,,,,,0,,,,,,,
Channel Islands,CHI,Urban land area where elevation is below 5 meters (sq. km),AG.LND.EL5M.UR.K2,,,,,,,,,,,,,,,,,,,,,,,,,,,,,,,,,,,,,,,,,,,,,,,,,,,,,,,,,,,,,,,
Chile,CHL,Urban land area where elevation is below 5 meters (sq. km),AG.LND.EL5M.UR.K2,,,,,,,,,,,,,,,,,,,,,,,,,,,,,,,47.94046015,,,,,,,,,,58.89475096,,,,,,,,,,,,,,,66.54060089,,,,,,,
China,CHN,Urban land area where elevation is below 5 meters (sq. km),AG.LND.EL5M.UR.K2,,,,,,,,,,,,,,,,,,,,,,,,,,,,,,,21583.90939,,,,,,,,,,27013.70395,,,,,,,,,,,,,,,32989.80031,,,,,,,
Cote d'Ivoire,CIV,Urban land area where elevation is below 5 meters (sq. km),AG.LND.EL5M.UR.K2,,,,,,,,,,,,,,,,,,,,,,,,,,,,,,,89.82223878,,,,,,,,,,100.1963309,,,,,,,,,,,,,,,112.7112359,,,,,,,
Cameroon,CMR,Urban land area where elevation is below 5 meters (sq. km),AG.LND.EL5M.UR.K2,,,,,,,,,,,,,,,,,,,,,,,,,,,,,,,32.68269931,,,,,,,,,,42.29229819,,,,,,,,,,,,,,,50.2840324,,,,,,,
"Congo, Dem. Rep.",COD,Urban land area where elevation is below 5 meters (sq. km),AG.LND.EL5M.UR.K2,,,,,,,,,,,,,,,,,,,,,,,,,,,,,,,1.683458013,,,,,,,,,,2.91599421,,,,,,,,,,,,,,,2.761920167,,,,,,,
"Congo, Rep.",COG,Urban land area where elevation is below 5 meters (sq. km),AG.LND.EL5M.UR.K2,,,,,,,,,,,,,,,,,,,,,,,,,,,,,,,5.514429186,,,,,,,,,,6.156031739,,,,,,,,,,,,,,,7.221364949,,,,,,,
Colombia,COL,Urban land area where elevation is below 5 meters (sq. km),AG.LND.EL5M.UR.K2,,,,,,,,,,,,,,,,,,,,,,,,,,,,,,,106.3236704,,,,,,,,,,117.333869,,,,,,,,,,,,,,,130.3662606,,,,,,,
Comoros,COM,Urban land area where elevation is below 5 meters (sq. km),AG.LND.EL5M.UR.K2,,,,,,,,,,,,,,,,,,,,,,,,,,,,,,,5.413711532,,,,,,,,,,6.106930581,,,,,,,,,,,,,,,10.86692984,,,,,,,
Cabo Verde,CPV,Urban land area where elevation is below 5 meters (sq. km),AG.LND.EL5M.UR.K2,,,,,,,,,,,,,,,,,,,,,,,,,,,,,,,3.920538647,,,,,,,,,,4.154785505,,,,,,,,,,,,,,,4.715697661,,,,,,,
Costa Rica,CRI,Urban land area where elevation is below 5 meters (sq. km),AG.LND.EL5M.UR.K2,,,,,,,,,,,,,,,,,,,,,,,,,,,,,,,16.8714676,,,,,,,,,,19.84788874,,,,,,,,,,,,,,,27.00271,,,,,,,
Caribbean small states,CSS,Urban land area where elevation is below 5 meters (sq. km),AG.LND.EL5M.UR.K2,,,,,,,,,,,,,,,,,,,,,,,,,,,,,,,443.732764,,,,,,,,,,530.9566422,,,,,,,,,,,,,,,620.9840449,,,,,,,
Cuba,CUB,Urban land area where elevation is below 5 meters (sq. km),AG.LND.EL5M.UR.K2,,,,,,,,,,,,,,,,,,,,,,,,,,,,,,,92.96361301,,,,,,,,,,98.70694686,,,,,,,,,,,,,,,104.9393829,,,,,,,
Curacao,CUW,Urban land area where elevation is below 5 meters (sq. km),AG.LND.EL5M.UR.K2,,,,,,,,,,,,,,,,,,,,,,,,,,,,,,,2.410272441,,,,,,,,,,2.866035816,,,,,,,,,,,,,,,3.714727282,,,,,,,
Cayman Islands,CYM,Urban land area where elevation is below 5 meters (sq. km),AG.LND.EL5M.UR.K2,,,,,,,,,,,,,,,,,,,,,,,,,,,,,,,3.240845499,,,,,,,,,,5.327947126,,,,,,,,,,,,,,,10.96993315,,,,,,,
Cyprus,CYP,Urban land area where elevation is below 5 meters (sq. km),AG.LND.EL5M.UR.K2,,,,,,,,,,,,,,,,,,,,,,,,,,,,,,,25.15097458,,,,,,,,,,27.39870624,,,,,,,,,,,,,,,30.64216404,,,,,,,
Czechia,CZE,Urban land area where elevation is below 5 meters (sq. km),AG.LND.EL5M.UR.K2,,,,,,,,,,,,,,,,,,,,,,,,,,,,,,,0,,,,,,,,,,0,,,,,,,,,,,,,,,0,,,,,,,
Germany,DEU,Urban land area where elevation is below 5 meters (sq. km),AG.LND.EL5M.UR.K2,,,,,,,,,,,,,,,,,,,,,,,,,,,,,,,801.9468469,,,,,,,,,,862.3329689,,,,,,,,,,,,,,,852.1940486,,,,,,,
Djibouti,DJI,Urban land area where elevation is below 5 meters (sq. km),AG.LND.EL5M.UR.K2,,,,,,,,,,,,,,,,,,,,,,,,,,,,,,,4.49070539,,,,,,,,,,4.849645112,,,,,,,,,,,,,,,8.391706199,,,,,,,
Dominica,DMA,Urban land area where elevation is below 5 meters (sq. km),AG.LND.EL5M.UR.K2,,,,,,,,,,,,,,,,,,,,,,,,,,,,,,,1.619733651,,,,,,,,,,2.41399742,,,,,,,,,,,,,,,3.040833745,,,,,,,
Denmark,DNK,Urban land area where elevation is below 5 meters (sq. km),AG.LND.EL5M.UR.K2,,,,,,,,,,,,,,,,,,,,,,,,,,,,,,,327.97535,,,,,,,,,,351.4084018,,,,,,,,,,,,,,,355.6633732,,,,,,,
Dominican Republic,DOM,Urban land area where elevation is below 5 meters (sq. km),AG.LND.EL5M.UR.K2,,,,,,,,,,,,,,,,,,,,,,,,,,,,,,,36.07064602,,,,,,,,,,49.52500285,,,,,,,,,,,,,,,69.84732603,,,,,,,
Algeria,DZA,Urban land area where elevation is below 5 meters (sq. km),AG.LND.EL5M.UR.K2,,,,,,,,,,,,,,,,,,,,,,,,,,,,,,,133.555919,,,,,,,,,,149.2668982,,,,,,,,,,,,,,,164.5325648,,,,,,,
East Asia & Pacific (excluding high income),EAP,Urban land area where elevation is below 5 meters (sq. km),AG.LND.EL5M.UR.K2,,,,,,,,,,,,,,,,,,,,,,,,,,,,,,,38778.26862,,,,,,,,,,48412.10594,,,,,,,,,,,,,,,57986.03168,,,,,,,
Early-demographic dividend,EAR,Urban land area where elevation is below 5 meters (sq. km),AG.LND.EL5M.UR.K2,,,,,,,,,,,,,,,,,,,,,,,,,,,,,,,22219.6656,,,,,,,,,,26001.70801,,,,,,,,,,,,,,,30073.22575,,,,,,,
East Asia & Pacific,EAS,Urban land area where elevation is below 5 meters (sq. km),AG.LND.EL5M.UR.K2,,,,,,,,,,,,,,,,,,,,,,,,,,,,,,,46809.73679,,,,,,,,,,56743.00187,,,,,,,,,,,,,,,66504.34625,,,,,,,
Europe & Central Asia (excluding high income),ECA,Urban land area where elevation is below 5 meters (sq. km),AG.LND.EL5M.UR.K2,,,,,,,,,,,,,,,,,,,,,,,,,,,,,,,1427.150939,,,,,,,,,,1538.273545,,,,,,,,,,,,,,,1622.032995,,,,,,,
Europe & Central Asia,ECS,Urban land area where elevation is below 5 meters (sq. km),AG.LND.EL5M.UR.K2,,,,,,,,,,,,,,,,,,,,,,,,,,,,,,,10908.80677,,,,,,,,,,11766.35688,,,,,,,,,,,,,,,12522.38873,,,,,,,
Ecuador,ECU,Urban land area where elevation is below 5 meters (sq. km),AG.LND.EL5M.UR.K2,,,,,,,,,,,,,,,,,,,,,,,,,,,,,,,115.3261556,,,,,,,,,,136.4363004,,,,,,,,,,,,,,,149.5825623,,,,,,,
"Egypt, Arab Rep.",EGY,Urban land area where elevation is below 5 meters (sq. km),AG.LND.EL5M.UR.K2,,,,,,,,,,,,,,,,,,,,,,,,,,,,,,,3386.668117,,,,,,,,,,4071.137121,,,,,,,,,,,,,,,4819.910526,,,,,,,
Euro area,EMU,Urban land area where elevation is below 5 meters (sq. km),AG.LND.EL5M.UR.K2,,,,,,,,,,,,,,,,,,,,,,,,,,,,,,,7716.883126,,,,,,,,,,8398.67519,,,,,,,,,,,,,,,8984.901906,,,,,,,
Eritrea,ERI,Urban land area where elevation is below 5 meters (sq. km),AG.LND.EL5M.UR.K2,,,,,,,,,,,,,,,,,,,,,,,,,,,,,,,5.535688711,,,,,,,,,,5.535688711,,,,,,,,,,,,,,,8.390206492,,,,,,,
Spain,ESP,Urban land area where elevation is below 5 meters (sq. km),AG.LND.EL5M.UR.K2,,,,,,,,,,,,,,,,,,,,,,,,,,,,,,,735.6101051,,,,,,,,,,778.0302192,,,,,,,,,,,,,,,844.2818395,,,,,,,
Estonia,EST,Urban land area where elevation is below 5 meters (sq. km),AG.LND.EL5M.UR.K2,,,,,,,,,,,,,,,,,,,,,,,,,,,,,,,13.09234407,,,,,,,,,,16.08126267,,,,,,,,,,,,,,,20.93740332,,,,,,,
Ethiopia,ETH,Urban land area where elevation is below 5 meters (sq. km),AG.LND.EL5M.UR.K2,,,,,,,,,,,,,,,,,,,,,,,,,,,,,,,0,,,,,,,,,,0,,,,,,,,,,,,,,,0,,,,,,,
European Union,EUU,Urban land area where elevation is below 5 meters (sq. km),AG.LND.EL5M.UR.K2,,,,,,,,,,,,,,,,,,,,,,,,,,,,,,,8623.527181,,,,,,,,,,9342.791779,,,,,,,,,,,,,,,9966.960885,,,,,,,
Fragile and conflict affected situations,FCS,Urban land area where elevation is below 5 meters (sq. km),AG.LND.EL5M.UR.K2,,,,,,,,,,,,,,,,,,,,,,,,,,,,,,,2011.560435,,,,,,,,,,2412.914349,,,,,,,,,,,,,,,2940.88031,,,,,,,
Finland,FIN,Urban land area where elevation is below 5 meters (sq. km),AG.LND.EL5M.UR.K2,,,,,,,,,,,,,,,,,,,,,,,,,,,,,,,116.5198239,,,,,,,,,,126.9166595,,,,,,,,,,,,,,,125.7894348,,,,,,,
Fiji,FJI,Urban land area where elevation is below 5 meters (sq. km),AG.LND.EL5M.UR.K2,,,,,,,,,,,,,,,,,,,,,,,,,,,,,,,14.34507417,,,,,,,,,,15.46811317,,,,,,,,,,,,,,,21.88120637,,,,,,,
France,FRA,Urban land area where elevation is below 5 meters (sq. km),AG.LND.EL5M.UR.K2,,,,,,,,,,,,,,,,,,,,,,,,,,,,,,,599.9012563,,,,,,,,,,650.6585239,,,,,,,,,,,,,,,735.7488345,,,,,,,
Faroe Islands,FRO,Urban land area where elevation is below 5 meters (sq. km),AG.LND.EL5M.UR.K2,,,,,,,,,,,,,,,,,,,,,,,,,,,,,,,0,,,,,,,,,,0,,,,,,,,,,,,,,,0,,,,,,,
"Micronesia, Fed. Sts.",FSM,Urban land area where elevation is below 5 meters (sq. km),AG.LND.EL5M.UR.K2,,,,,,,,,,,,,,,,,,,,,,,,,,,,,,,1.982342678,,,,,,,,,,1.982342678,,,,,,,,,,,,,,,2.458600297,,,,,,,
Gabon,GAB,Urban land area where elevation is below 5 meters (sq. km),AG.LND.EL5M.UR.K2,,,,,,,,,,,,,,,,,,,,,,,,,,,,,,,26.94554318,,,,,,,,,,27.94402014,,,,,,,,,,,,,,,36.9190352,,,,,,,
United Kingdom,GBR,Urban land area where elevation is below 5 meters (sq. km),AG.LND.EL5M.UR.K2,,,,,,,,,,,,,,,,,,,,,,,,,,,,,,,770.0345967,,,,,,,,,,787.2236359,,,,,,,,,,,,,,,825.7949816,,,,,,,
Georgia,GEO,Urban land area where elevation is below 5 meters (sq. km),AG.LND.EL5M.UR.K2,,,,,,,,,,,,,,,,,,,,,,,,,,,,,,,52.79291596,,,,,,,,,,54.27275472,,,,,,,,,,,,,,,56.15835367,,,,,,,
Ghana,GHA,Urban land area where elevation is below 5 meters (sq. km),AG.LND.EL5M.UR.K2,,,,,,,,,,,,,,,,,,,,,,,,,,,,,,,175.8947322,,,,,,,,,,207.3115517,,,,,,,,,,,,,,,286.5665265,,,,,,,
Gibraltar,GIB,Urban land area where elevation is below 5 meters (sq. km),AG.LND.EL5M.UR.K2,,,,,,,,,,,,,,,,,,,,,,,,,,,,,,,3.504326293,,,,,,,,,,3.504326293,,,,,,,,,,,,,,,3.504326293,,,,,,,
Guinea,GIN,Urban land area where elevation is below 5 meters (sq. km),AG.LND.EL5M.UR.K2,,,,,,,,,,,,,,,,,,,,,,,,,,,,,,,40.22126917,,,,,,,,,,63.15611259,,,,,,,,,,,,,,,87.13003559,,,,,,,
"Gambia, The",GMB,Urban land area where elevation is below 5 meters (sq. km),AG.LND.EL5M.UR.K2,,,,,,,,,,,,,,,,,,,,,,,,,,,,,,,17.89117083,,,,,,,,,,21.92350376,,,,,,,,,,,,,,,24.65313923,,,,,,,
Guinea-Bissau,GNB,Urban land area where elevation is below 5 meters (sq. km),AG.LND.EL5M.UR.K2,,,,,,,,,,,,,,,,,,,,,,,,,,,,,,,16.70140965,,,,,,,,,,21.64868599,,,,,,,,,,,,,,,25.13603306,,,,,,,
Equatorial Guinea,GNQ,Urban land area where elevation is below 5 meters (sq. km),AG.LND.EL5M.UR.K2,,,,,,,,,,,,,,,,,,,,,,,,,,,,,,,11.07970852,,,,,,,,,,14.43927602,,,,,,,,,,,,,,,16.74426054,,,,,,,
Greece,GRC,Urban land area where elevation is below 5 meters (sq. km),AG.LND.EL5M.UR.K2,,,,,,,,,,,,,,,,,,,,,,,,,,,,,,,188.4367708,,,,,,,,,,211.7923441,,,,,,,,,,,,,,,209.3268075,,,,,,,
Grenada,GRD,Urban land area where elevation is below 5 meters (sq. km),AG.LND.EL5M.UR.K2,,,,,,,,,,,,,,,,,,,,,,,,,,,,,,,4.36290657,,,,,,,,,,6.282980662,,,,,,,,,,,,,,,7.254384695,,,,,,,
Greenland,GRL,Urban land area where elevation is below 5 meters (sq. km),AG.LND.EL5M.UR.K2,,,,,,,,,,,,,,,,,,,,,,,,,,,,,,,0.912475599,,,,,,,,,,2.324963924,,,,,,,,,,,,,,,2.324963924,,,,,,,
Guatemala,GTM,Urban land area where elevation is below 5 meters (sq. km),AG.LND.EL5M.UR.K2,,,,,,,,,,,,,,,,,,,,,,,,,,,,,,,6.630123146,,,,,,,,,,7.304015081,,,,,,,,,,,,,,,13.62591741,,,,,,,
Guam,GUM,Urban land area where elevation is below 5 meters (sq. km),AG.LND.EL5M.UR.K2,,,,,,,,,,,,,,,,,,,,,,,,,,,,,,,1.63600806,,,,,,,,,,1.923867792,,,,,,,,,,,,,,,1.923867792,,,,,,,
Guyana,GUY,Urban land area where elevation is below 5 meters (sq. km),AG.LND.EL5M.UR.K2,,,,,,,,,,,,,,,,,,,,,,,,,,,,,,,140.5066748,,,,,,,,,,150.4817672,,,,,,,,,,,,,,,147.8968749,,,,,,,
High income,HIC,Urban land area where elevation is below 5 meters (sq. km),AG.LND.EL5M.UR.K2,,,,,,,,,,,,,,,,,,,,,,,,,,,,,,,22867.98704,,,,,,,,,,24659.36634,,,,,,,,,,,,,,,26628.92944,,,,,,,
"Hong Kong SAR, China",HKG,Urban land area where elevation is below 5 meters (sq. km),AG.LND.EL5M.UR.K2,,,,,,,,,,,,,,,,,,,,,,,,,,,,,,,63.56971053,,,,,,,,,,68.74153744,,,,,,,,,,,,,,,72.49292916,,,,,,,
Honduras,HND,Urban land area where elevation is below 5 meters (sq. km),AG.LND.EL5M.UR.K2,,,,,,,,,,,,,,,,,,,,,,,,,,,,,,,14.94221388,,,,,,,,,,16.93634436,,,,,,,,,,,,,,,40.47009572,,,,,,,
Heavily indebted poor countries (HIPC),HPC,Urban land area where elevation is below 5 meters (sq. km),AG.LND.EL5M.UR.K2,,,,,,,,,,,,,,,,,,,,,,,,,,,,,,,1299.960203,,,,,,,,,,1538.688936,,,,,,,,,,,,,,,1932.040934,,,,,,,
Croatia,HRV,Urban land area where elevation is below 5 meters (sq. km),AG.LND.EL5M.UR.K2,,,,,,,,,,,,,,,,,,,,,,,,,,,,,,,67.48296037,,,,,,,,,,63.645547,,,,,,,,,,,,,,,65.71140533,,,,,,,
Haiti,HTI,Urban land area where elevation is below 5 meters (sq. km),AG.LND.EL5M.UR.K2,,,,,,,,,,,,,,,,,,,,,,,,,,,,,,,51.56409125,,,,,,,,,,58.28649886,,,,,,,,,,,,,,,63.73736542,,,,,,,
Hungary,HUN,Urban land area where elevation is below 5 meters (sq. km),AG.LND.EL5M.UR.K2,,,,,,,,,,,,,,,,,,,,,,,,,,,,,,,0,,,,,,,,,,0,,,,,,,,,,,,,,,0,,,,,,,
IBRD only,IBD,Urban land area where elevation is below 5 meters (sq. km),AG.LND.EL5M.UR.K2,,,,,,,,,,,,,,,,,,,,,,,,,,,,,,,52843.58096,,,,,,,,,,64599.17947,,,,,,,,,,,,,,,76618.43286,,,,,,,
IDA & IBRD total,IBT,Urban land area where elevation is below 5 meters (sq. km),AG.LND.EL5M.UR.K2,,,,,,,,,,,,,,,,,,,,,,,,,,,,,,,60965.87157,,,,,,,,,,73907.94704,,,,,,,,,,,,,,,87297.68475,,,,,,,
IDA total,IDA,Urban land area where elevation is below 5 meters (sq. km),AG.LND.EL5M.UR.K2,,,,,,,,,,,,,,,,,,,,,,,,,,,,,,,8122.290616,,,,,,,,,,9308.767566,,,,,,,,,,,,,,,10679.25189,,,,,,,
IDA blend,IDB,Urban land area where elevation is below 5 meters (sq. km),AG.LND.EL5M.UR.K2,,,,,,,,,,,,,,,,,,,,,,,,,,,,,,,786.7182553,,,,,,,,,,946.4036259,,,,,,,,,,,,,,,1246.897655,,,,,,,
Indonesia,IDN,Urban land area where elevation is below 5 meters (sq. km),AG.LND.EL5M.UR.K2,,,,,,,,,,,,,,,,,,,,,,,,,,,,,,,3358.783886,,,,,,,,,,4211.818355,,,,,,,,,,,,,,,5029.162043,,,,,,,
IDA only,IDX,Urban land area where elevation is below 5 meters (sq. km),AG.LND.EL5M.UR.K2,,,,,,,,,,,,,,,,,,,,,,,,,,,,,,,7335.57236,,,,,,,,,,8362.36394,,,,,,,,,,,,,,,9432.354232,,,,,,,
Isle of Man,IMN,Urban land area where elevation is below 5 meters (sq. km),AG.LND.EL5M.UR.K2,,,,,,,,,,,,,,,,,,,,,,,,,,,,,,,1.795903218,,,,,,,,,,1.795903218,,,,,,,,,,,,,,,2.239975303,,,,,,,
India,IND,Urban land area where elevation is below 5 meters (sq. km),AG.LND.EL5M.UR.K2,,,,,,,,,,,,,,,,,,,,,,,,,,,,,,,5466.032927,,,,,,,,,,6198.005573,,,,,,,,,,,,,,,7009.447209,,,,,,,
Not classified,INX,Urban land area where elevation is below 5 meters (sq. km),AG.LND.EL5M.UR.K2,,,,,,,,,,,,,,,,,,,,,,,,,,,,,,,,,,,,,,,,,,,,,,,,,,,,,,,,,,,,,,,
Ireland,IRL,Urban land area where elevation is below 5 meters (sq. km),AG.LND.EL5M.UR.K2,,,,,,,,,,,,,,,,,,,,,,,,,,,,,,,41.82249232,,,,,,,,,,48.7139622,,,,,,,,,,,,,,,57.19543487,,,,,,,
"Iran, Islamic Rep.",IRN,Urban land area where elevation is below 5 meters (sq. km),AG.LND.EL5M.UR.K2,,,,,,,,,,,,,,,,,,,,,,,,,,,,,,,138.0847473,,,,,,,,,,197.7935076,,,,,,,,,,,,,,,259.720183,,,,,,,
Iraq,IRQ,Urban land area where elevation is below 5 meters (sq. km),AG.LND.EL5M.UR.K2,,,,,,,,,,,,,,,,,,,,,,,,,,,,,,,143.9369965,,,,,,,,,,184.1471116,,,,,,,,,,,,,,,251.2620103,,,,,,,
Iceland,ISL,Urban land area where elevation is below 5 meters (sq. km),AG.LND.EL5M.UR.K2,,,,,,,,,,,,,,,,,,,,,,,,,,,,,,,8.104709962,,,,,,,,,,11.24066394,,,,,,,,,,,,,,,12.04111041,,,,,,,
Israel,ISR,Urban land area where elevation is below 5 meters (sq. km),AG.LND.EL5M.UR.K2,,,,,,,,,,,,,,,,,,,,,,,,,,,,,,,59.17947544,,,,,,,,,,63.46694243,,,,,,,,,,,,,,,71.23341394,,,,,,,
Italy,ITA,Urban land area where elevation is below 5 meters (sq. km),AG.LND.EL5M.UR.K2,,,,,,,,,,,,,,,,,,,,,,,,,,,,,,,941.8773425,,,,,,,,,,971.6608489,,,,,,,,,,,,,,,1081.059049,,,,,,,
Jamaica,JAM,Urban land area where elevation is below 5 meters (sq. km),AG.LND.EL5M.UR.K2,,,,,,,,,,,,,,,,,,,,,,,,,,,,,,,95.57083344,,,,,,,,,,102.2262982,,,,,,,,,,,,,,,116.6918758,,,,,,,
Jordan,JOR,Urban land area where elevation is below 5 meters (sq. km),AG.LND.EL5M.UR.K2,,,,,,,,,,,,,,,,,,,,,,,,,,,,,,,1.003558741,,,,,,,,,,1.003558741,,,,,,,,,,,,,,,1.180786935,,,,,,,
Japan,JPN,Urban land area where elevation is below 5 meters (sq. km),AG.LND.EL5M.UR.K2,,,,,,,,,,,,,,,,,,,,,,,,,,,,,,,6396.187329,,,,,,,,,,6516.857652,,,,,,,,,,,,,,,6558.798416,,,,,,,
Kazakhstan,KAZ,Urban land area where elevation is below 5 meters (sq. km),AG.LND.EL5M.UR.K2,,,,,,,,,,,,,,,,,,,,,,,,,,,,,,,0,,,,,,,,,,0,,,,,,,,,,,,,,,0,,,,,,,
Kenya,KEN,Urban land area where elevation is below 5 meters (sq. km),AG.LND.EL5M.UR.K2,,,,,,,,,,,,,,,,,,,,,,,,,,,,,,,19.63385355,,,,,,,,,,23.31612939,,,,,,,,,,,,,,,28.82982061,,,,,,,
Kyrgyz Republic,KGZ,Urban land area where elevation is below 5 meters (sq. km),AG.LND.EL5M.UR.K2,,,,,,,,,,,,,,,,,,,,,,,,,,,,,,,0,,,,,,,,,,0,,,,,,,,,,,,,,,0,,,,,,,
Cambodia,KHM,Urban land area where elevation is below 5 meters (sq. km),AG.LND.EL5M.UR.K2,,,,,,,,,,,,,,,,,,,,,,,,,,,,,,,25.17034305,,,,,,,,,,37.12737152,,,,,,,,,,,,,,,33.07572109,,,,,,,
Kiribati,KIR,Urban land area where elevation is below 5 meters (sq. km),AG.LND.EL5M.UR.K2,,,,,,,,,,,,,,,,,,,,,,,,,,,,,,,0.6957687777,,,,,,,,,,0.8682757211,,,,,,,,,,,,,,,3.707245206,,,,,,,
St. Kitts and Nevis,KNA,Urban land area where elevation is below 5 meters (sq. km),AG.LND.EL5M.UR.K2,,,,,,,,,,,,,,,,,,,,,,,,,,,,,,,0.9546494688,,,,,,,,,,1.700385709,,,,,,,,,,,,,,,1.700385709,,,,,,,
"Korea, Rep.",KOR,Urban land area where elevation is below 5 meters (sq. km),AG.LND.EL5M.UR.K2,,,,,,,,,,,,,,,,,,,,,,,,,,,,,,,335.4885505,,,,,,,,,,395.2619322,,,,,,,,,,,,,,,437.9534275,,,,,,,
Kuwait,KWT,Urban land area where elevation is below 5 meters (sq. km),AG.LND.EL5M.UR.K2,,,,,,,,,,,,,,,,,,,,,,,,,,,,,,,49.61265174,,,,,,,,,,45.27058548,,,,,,,,,,,,,,,79.32544898,,,,,,,
Latin America & Caribbean (excluding high income),LAC,Urban land area where elevation is below 5 meters (sq. km),AG.LND.EL5M.UR.K2,,,,,,,,,,,,,,,,,,,,,,,,,,,,,,,2384.002894,,,,,,,,,,2855.246535,,,,,,,,,,,,,,,3394.158086,,,,,,,
Lao PDR,LAO,Urban land area where elevation is below 5 meters (sq. km),AG.LND.EL5M.UR.K2,,,,,,,,,,,,,,,,,,,,,,,,,,,,,,,0,,,,,,,,,,0,,,,,,,,,,,,,,,0,,,,,,,
Lebanon,LBN,Urban land area where elevation is below 5 meters (sq. km),AG.LND.EL5M.UR.K2,,,,,,,,,,,,,,,,,,,,,,,,,,,,,,,32.50962046,,,,,,,,,,35.00166447,,,,,,,,,,,,,,,41.04325092,,,,,,,
Liberia,LBR,Urban land area where elevation is below 5 meters (sq. km),AG.LND.EL5M.UR.K2,,,,,,,,,,,,,,,,,,,,,,,,,,,,,,,107.235728,,,,,,,,,,115.678264,,,,,,,,,,,,,,,124.4454848,,,,,,,
Libya,LBY,Urban land area where elevation is below 5 meters (sq. km),AG.LND.EL5M.UR.K2,,,,,,,,,,,,,,,,,,,,,,,,,,,,,,,204.630355,,,,,,,,,,227.9999087,,,,,,,,,,,,,,,237.7625592,,,,,,,
St. Lucia,LCA,Urban land area where elevation is below 5 meters (sq. km),AG.LND.EL5M.UR.K2,,,,,,,,,,,,,,,,,,,,,,,,,,,,,,,4.522355994,,,,,,,,,,6.222863686,,,,,,,,,,,,,,,6.819029217,,,,,,,
Latin America & Caribbean,LCN,Urban land area where elevation is below 5 meters (sq. km),AG.LND.EL5M.UR.K2,,,,,,,,,,,,,,,,,,,,,,,,,,,,,,,3007.418517,,,,,,,,,,3579.751934,,,,,,,,,,,,,,,4204.413184,,,,,,,
Least developed countries: UN classification,LDC,Urban land area where elevation is below 5 meters (sq. km),AG.LND.EL5M.UR.K2,,,,,,,,,,,,,,,,,,,,,,,,,,,,,,,6883.610028,,,,,,,,,,7865.827502,,,,,,,,,,,,,,,8866.298977,,,,,,,
Low income,LIC,Urban land area where elevation is below 5 meters (sq. km),AG.LND.EL5M.UR.K2,,,,,,,,,,,,,,,,,,,,,,,,,,,,,,,597.6545762,,,,,,,,,,720.6381297,,,,,,,,,,,,,,,878.191482,,,,,,,
Liechtenstein,LIE,Urban land area where elevation is below 5 meters (sq. km),AG.LND.EL5M.UR.K2,,,,,,,,,,,,,,,,,,,,,,,,,,,,,,,0,,,,,,,,,,0,,,,,,,,,,,,,,,0,,,,,,,
Sri Lanka,LKA,Urban land area where elevation is below 5 meters (sq. km),AG.LND.EL5M.UR.K2,,,,,,,,,,,,,,,,,,,,,,,,,,,,,,,247.8605941,,,,,,,,,,268.672784,,,,,,,,,,,,,,,276.928623,,,,,,,
Lower middle income,LMC,Urban land area where elevation is below 5 meters (sq. km),AG.LND.EL5M.UR.K2,,,,,,,,,,,,,,,,,,,,,,,,,,,,,,,31170.13681,,,,,,,,,,36591.50207,,,,,,,,,,,,,,,41724.09423,,,,,,,
Low & middle income,LMY,Urban land area where elevation is below 5 meters (sq. km),AG.LND.EL5M.UR.K2,,,,,,,,,,,,,,,,,,,,,,,,,,,,,,,60478.76988,,,,,,,,,,73378.98713,,,,,,,,,,,,,,,86702.10306,,,,,,,
Lesotho,LSO,Urban land area where elevation is below 5 meters (sq. km),AG.LND.EL5M.UR.K2,,,,,,,,,,,,,,,,,,,,,,,,,,,,,,,0,,,,,,,,,,0,,,,,,,,,,,,,,,0,,,,,,,
Late-demographic dividend,LTE,Urban land area where elevation is below 5 meters (sq. km),AG.LND.EL5M.UR.K2,,,,,,,,,,,,,,,,,,,,,,,,,,,,,,,38123.76901,,,,,,,,,,47136.52384,,,,,,,,,,,,,,,56193.21221,,,,,,,
Lithuania,LTU,Urban land area where elevation is below 5 meters (sq. km),AG.LND.EL5M.UR.K2,,,,,,,,,,,,,,,,,,,,,,,,,,,,,,,19.18518516,,,,,,,,,,17.65852401,,,,,,,,,,,,,,,17.65852401,,,,,,,
Luxembourg,LUX,Urban land area where elevation is below 5 meters (sq. km),AG.LND.EL5M.UR.K2,,,,,,,,,,,,,,,,,,,,,,,,,,,,,,,0,,,,,,,,,,0,,,,,,,,,,,,,,,0,,,,,,,
Latvia,LVA,Urban land area where elevation is below 5 meters (sq. km),AG.LND.EL5M.UR.K2,,,,,,,,,,,,,,,,,,,,,,,,,,,,,,,100.3547873,,,,,,,,,,99.72838382,,,,,,,,,,,,,,,91.33896344,,,,,,,
"Macao SAR, China",MAC,Urban land area where elevation is below 5 meters (sq. km),AG.LND.EL5M.UR.K2,,,,,,,,,,,,,,,,,,,,,,,,,,,,,,,6.719870529,,,,,,,,,,8.240906184,,,,,,,,,,,,,,,8.307041873,,,,,,,
St. Martin (French part),MAF,Urban land area where elevation is below 5 meters (sq. km),AG.LND.EL5M.UR.K2,,,,,,,,,,,,,,,,,,,,,,,,,,,,,,,2.627713252,,,,,,,,,,5.033880837,,,,,,,,,,,,,,,6.292461413,,,,,,,
Morocco,MAR,Urban land area where elevation is below 5 meters (sq. km),AG.LND.EL5M.UR.K2,,,,,,,,,,,,,,,,,,,,,,,,,,,,,,,114.2450231,,,,,,,,,,132.4657639,,,,,,,,,,,,,,,156.3325141,,,,,,,
Monaco,MCO,Urban land area where elevation is below 5 meters (sq. km),AG.LND.EL5M.UR.K2,,,,,,,,,,,,,,,,,,,,,,,,,,,,,,,0.5579037578,,,,,,,,,,0.5579037578,,,,,,,,,,,,,,,0.5579037578,,,,,,,
Moldova,MDA,Urban land area where elevation is below 5 meters (sq. km),AG.LND.EL5M.UR.K2,,,,,,,,,,,,,,,,,,,,,,,,,,,,,,,0,,,,,,,,,,0,,,,,,,,,,,,,,,0,,,,,,,
Madagascar,MDG,Urban land area where elevation is below 5 meters (sq. km),AG.LND.EL5M.UR.K2,,,,,,,,,,,,,,,,,,,,,,,,,,,,,,,56.92167262,,,,,,,,,,69.99174733,,,,,,,,,,,,,,,106.0257427,,,,,,,
Maldives,MDV,Urban land area where elevation is below 5 meters (sq. km),AG.LND.EL5M.UR.K2,,,,,,,,,,,,,,,,,,,,,,,,,,,,,,,10.49896217,,,,,,,,,,11.03441578,,,,,,,,,,,,,,,10.71175456,,,,,,,
Middle East & North Africa,MEA,Urban land area where elevation is below 5 meters (sq. km),AG.LND.EL5M.UR.K2,,,,,,,,,,,,,,,,,,,,,,,,,,,,,,,5381.17636,,,,,,,,,,6415.684476,,,,,,,,,,,,,,,7774.068093,,,,,,,
Mexico,MEX,Urban land area where elevation is below 5 meters (sq. km),AG.LND.EL5M.UR.K2,,,,,,,,,,,,,,,,,,,,,,,,,,,,,,,251.3193439,,,,,,,,,,312.2654886,,,,,,,,,,,,,,,425.7741831,,,,,,,
Marshall Islands,MHL,Urban land area where elevation is below 5 meters (sq. km),AG.LND.EL5M.UR.K2,,,,,,,,,,,,,,,,,,,,,,,,,,,,,,,2.870206113,,,,,,,,,,4.951244403,,,,,,,,,,,,,,,6.547882566,,,,,,,
Middle income,MIC,Urban land area where elevation is below 5 meters (sq. km),AG.LND.EL5M.UR.K2,,,,,,,,,,,,,,,,,,,,,,,,,,,,,,,59881.11531,,,,,,,,,,72658.349,,,,,,,,,,,,,,,85823.91157,,,,,,,
North Macedonia,MKD,Urban land area where elevation is below 5 meters (sq. km),AG.LND.EL5M.UR.K2,,,,,,,,,,,,,,,,,,,,,,,,,,,,,,,0,,,,,,,,,,0,,,,,,,,,,,,,,,0,,,,,,,
Mali,MLI,Urban land area where elevation is below 5 meters (sq. km),AG.LND.EL5M.UR.K2,,,,,,,,,,,,,,,,,,,,,,,,,,,,,,,0,,,,,,,,,,0,,,,,,,,,,,,,,,0,,,,,,,
Malta,MLT,Urban land area where elevation is below 5 meters (sq. km),AG.LND.EL5M.UR.K2,,,,,,,,,,,,,,,,,,,,,,,,,,,,,,,5.662391633,,,,,,,,,,5.990023326,,,,,,,,,,,,,,,6.55031866,,,,,,,
Myanmar,MMR,Urban land area where elevation is below 5 meters (sq. km),AG.LND.EL5M.UR.K2,,,,,,,,,,,,,,,,,,,,,,,,,,,,,,,197.5513646,,,,,,,,,,305.9676481,,,,,,,,,,,,,,,365.9482746,,,,,,,
Middle East & North Africa (excluding high income),MNA,Urban land area where elevation is below 5 meters (sq. km),AG.LND.EL5M.UR.K2,,,,,,,,,,,,,,,,,,,,,,,,,,,,,,,4489.033588,,,,,,,,,,5371.667624,,,,,,,,,,,,,,,6356.312604,,,,,,,
Montenegro,MNE,Urban land area where elevation is below 5 meters (sq. km),AG.LND.EL5M.UR.K2,,,,,,,,,,,,,,,,,,,,,,,,,,,,,,,14.47712027,,,,,,,,,,14.56798131,,,,,,,,,,,,,,,14.74772493,,,,,,,
Mongolia,MNG,Urban land area where elevation is below 5 meters (sq. km),AG.LND.EL5M.UR.K2,,,,,,,,,,,,,,,,,,,,,,,,,,,,,,,0,,,,,,,,,,0,,,,,,,,,,,,,,,0,,,,,,,
Northern Mariana Islands,MNP,Urban land area where elevation is below 5 meters (sq. km),AG.LND.EL5M.UR.K2,,,,,,,,,,,,,,,,,,,,,,,,,,,,,,,1.45727218,,,,,,,,,,1.662941483,,,,,,,,,,,,,,,1.45727218,,,,,,,
Mozambique,MOZ,Urban land area where elevation is below 5 meters (sq. km),AG.LND.EL5M.UR.K2,,,,,,,,,,,,,,,,,,,,,,,,,,,,,,,80.28483074,,,,,,,,,,99.95867139,,,,,,,,,,,,,,,126.8116486,,,,,,,
Mauritania,MRT,Urban land area where elevation is below 5 meters (sq. km),AG.LND.EL5M.UR.K2,,,,,,,,,,,,,,,,,,,,,,,,,,,,,,,106.9448495,,,,,,,,,,108.7103264,,,,,,,,,,,,,,,115.1370511,,,,,,,
Mauritius,MUS,Urban land area where elevation is below 5 meters (sq. km),AG.LND.EL5M.UR.K2,,,,,,,,,,,,,,,,,,,,,,,,,,,,,,,10.9695781,,,,,,,,,,12.3142356,,,,,,,,,,,,,,,17.40196438,,,,,,,
Malawi,MWI,Urban land area where elevation is below 5 meters (sq. km),AG.LND.EL5M.UR.K2,,,,,,,,,,,,,,,,,,,,,,,,,,,,,,,0,,,,,,,,,,0,,,,,,,,,,,,,,,0,,,,,,,
Malaysia,MYS,Urban land area where elevation is below 5 meters (sq. km),AG.LND.EL5M.UR.K2,,,,,,,,,,,,,,,,,,,,,,,,,,,,,,,990.9603149,,,,,,,,,,1355.586894,,,,,,,,,,,,,,,1730.753545,,,,,,,
North America,NAC,Urban land area where elevation is below 5 meters (sq. km),AG.LND.EL5M.UR.K2,,,,,,,,,,,,,,,,,,,,,,,,,,,,,,,4092.043863,,,,,,,,,,4615.70133,,,,,,,,,,,,,,,5305.794904,,,,,,,
Namibia,NAM,Urban land area where elevation is below 5 meters (sq. km),AG.LND.EL5M.UR.K2,,,,,,,,,,,,,,,,,,,,,,,,,,,,,,,0.3264251351,,,,,,,,,,2.787264854,,,,,,,,,,,,,,,3.449184296,,,,,,,
New Caledonia,NCL,Urban land area where elevation is below 5 meters (sq. km),AG.LND.EL5M.UR.K2,,,,,,,,,,,,,,,,,,,,,,,,,,,,,,,6.728206486,,,,,,,,,,6.901835514,,,,,,,,,,,,,,,12.14126249,,,,,,,
Niger,NER,Urban land area where elevation is below 5 meters (sq. km),AG.LND.EL5M.UR.K2,,,,,,,,,,,,,,,,,,,,,,,,,,,,,,,0,,,,,,,,,,0,,,,,,,,,,,,,,,0,,,,,,,
Nigeria,NGA,Urban land area where elevation is below 5 meters (sq. km),AG.LND.EL5M.UR.K2,,,,,,,,,,,,,,,,,,,,,,,,,,,,,,,605.2039776,,,,,,,,,,731.9632117,,,,,,,,,,,,,,,989.307117,,,,,,,
Nicaragua,NIC,Urban land area where elevation is below 5 meters (sq. km),AG.LND.EL5M.UR.K2,,,,,,,,,,,,,,,,,,,,,,,,,,,,,,,8.327645883,,,,,,,,,,10.2772065,,,,,,,,,,,,,,,14.6462856,,,,,,,
Netherlands,NLD,Urban land area where elevation is below 5 meters (sq. km),AG.LND.EL5M.UR.K2,,,,,,,,,,,,,,,,,,,,,,,,,,,,,,,3562.815379,,,,,,,,,,3980.196897,,,,,,,,,,,,,,,4256.854669,,,,,,,
Norway,NOR,Urban land area where elevation is below 5 meters (sq. km),AG.LND.EL5M.UR.K2,,,,,,,,,,,,,,,,,,,,,,,,,,,,,,,115.8100041,,,,,,,,,,119.5226793,,,,,,,,,,,,,,,131.0225932,,,,,,,
Nepal,NPL,Urban land area where elevation is below 5 meters (sq. km),AG.LND.EL5M.UR.K2,,,,,,,,,,,,,,,,,,,,,,,,,,,,,,,0,,,,,,,,,,0,,,,,,,,,,,,,,,0,,,,,,,
Nauru,NRU,Urban land area where elevation is below 5 meters (sq. km),AG.LND.EL5M.UR.K2,,,,,,,,,,,,,,,,,,,,,,,,,,,,,,,1.205860302,,,,,,,,,,1.297667325,,,,,,,,,,,,,,,1.297667325,,,,,,,
New Zealand,NZL,Urban land area where elevation is below 5 meters (sq. km),AG.LND.EL5M.UR.K2,,,,,,,,,,,,,,,,,,,,,,,,,,,,,,,94.23905312,,,,,,,,,,106.9428108,,,,,,,,,,,,,,,118.3659219,,,,,,,
OECD members,OED,Urban land area where elevation is below 5 meters (sq. km),AG.LND.EL5M.UR.K2,,,,,,,,,,,,,,,,,,,,,,,,,,,,,,,21835.3547,,,,,,,,,,23533.58083,,,,,,,,,,,,,,,25294.70971,,,,,,,
Oman,OMN,Urban land area where elevation is below 5 meters (sq. km),AG.LND.EL5M.UR.K2,,,,,,,,,,,,,,,,,,,,,,,,,,,,,,,55.20591228,,,,,,,,,,85.86724015,,,,,,,,,,,,,,,141.8995062,,,,,,,
Other small states,OSS,Urban land area where elevation is below 5 meters (sq. km),AG.LND.EL5M.UR.K2,,,,,,,,,,,,,,,,,,,,,,,,,,,,,,,322.7141711,,,,,,,,,,381.8501153,,,,,,,,,,,,,,,500.6367901,,,,,,,
Pakistan,PAK,Urban land area where elevation is below 5 meters (sq. km),AG.LND.EL5M.UR.K2,,,,,,,,,,,,,,,,,,,,,,,,,,,,,,,53.02969879,,,,,,,,,,58.04596538,,,,,,,,,,,,,,,69.98542856,,,,,,,
Panama,PAN,Urban land area where elevation is below 5 meters (sq. km),AG.LND.EL5M.UR.K2,,,,,,,,,,,,,,,,,,,,,,,,,,,,,,,39.19995197,,,,,,,,,,46.96821989,,,,,,,,,,,,,,,52.49204084,,,,,,,
Peru,PER,Urban land area where elevation is below 5 meters (sq. km),AG.LND.EL5M.UR.K2,,,,,,,,,,,,,,,,,,,,,,,,,,,,,,,36.38672456,,,,,,,,,,48.49642924,,,,,,,,,,,,,,,58.56713189,,,,,,,
Philippines,PHL,Urban land area where elevation is below 5 meters (sq. km),AG.LND.EL5M.UR.K2,,,,,,,,,,,,,,,,,,,,,,,,,,,,,,,1110.783129,,,,,,,,,,1236.225031,,,,,,,,,,,,,,,1511.452096,,,,,,,
Palau,PLW,Urban land area where elevation is below 5 meters (sq. km),AG.LND.EL5M.UR.K2,,,,,,,,,,,,,,,,,,,,,,,,,,,,,,,1.744300919,,,,,,,,,,1.744300919,,,,,,,,,,,,,,,1.744300919,,,,,,,
Papua New Guinea,PNG,Urban land area where elevation is below 5 meters (sq. km),AG.LND.EL5M.UR.K2,,,,,,,,,,,,,,,,,,,,,,,,,,,,,,,35.70234318,,,,,,,,,,41.01190708,,,,,,,,,,,,,,,47.4538213,,,,,,,
Poland,POL,Urban land area where elevation is below 5 meters (sq. km),AG.LND.EL5M.UR.K2,,,,,,,,,,,,,,,,,,,,,,,,,,,,,,,196.1285349,,,,,,,,,,207.611604,,,,,,,,,,,,,,,222.0375637,,,,,,,
Pre-demographic dividend,PRE,Urban land area where elevation is below 5 meters (sq. km),AG.LND.EL5M.UR.K2,,,,,,,,,,,,,,,,,,,,,,,,,,,,,,,1714.165006,,,,,,,,,,2091.589075,,,,,,,,,,,,,,,2760.347887,,,,,,,
Puerto Rico,PRI,Urban land area where elevation is below 5 meters (sq. km),AG.LND.EL5M.UR.K2,,,,,,,,,,,,,,,,,,,,,,,,,,,,,,,157.0188804,,,,,,,,,,178.0160908,,,,,,,,,,,,,,,178.0186703,,,,,,,
"Korea, Dem. People's Rep.",PRK,Urban land area where elevation is below 5 meters (sq. km),AG.LND.EL5M.UR.K2,,,,,,,,,,,,,,,,,,,,,,,,,,,,,,,132.3751755,,,,,,,,,,156.8240536,,,,,,,,,,,,,,,166.8422478,,,,,,,
Portugal,PRT,Urban land area where elevation is below 5 meters (sq. km),AG.LND.EL5M.UR.K2,,,,,,,,,,,,,,,,,,,,,,,,,,,,,,,107.6351472,,,,,,,,,,118.0143753,,,,,,,,,,,,,,,121.8610688,,,,,,,
Paraguay,PRY,Urban land area where elevation is below 5 meters (sq. km),AG.LND.EL5M.UR.K2,,,,,,,,,,,,,,,,,,,,,,,,,,,,,,,0,,,,,,,,,,0,,,,,,,,,,,,,,,0,,,,,,,
West Bank and Gaza,PSE,Urban land area where elevation is below 5 meters (sq. km),AG.LND.EL5M.UR.K2,,,,,,,,,,,,,,,,,,,,,,,,,,,,,,,6.522872646,,,,,,,,,,6.682654802,,,,,,,,,,,,,,,7.416511335,,,,,,,
Pacific island small states,PSS,Urban land area where elevation is below 5 meters (sq. km),AG.LND.EL5M.UR.K2,,,,,,,,,,,,,,,,,,,,,,,,,,,,,,,33.65010717,,,,,,,,,,40.68948925,,,,,,,,,,,,,,,59.41575039,,,,,,,
Post-demographic dividend,PST,Urban land area where elevation is below 5 meters (sq. km),AG.LND.EL5M.UR.K2,,,,,,,,,,,,,,,,,,,,,,,,,,,,,,,21051.54746,,,,,,,,,,22553.5927,,,,,,,,,,,,,,,24075.63177,,,,,,,
French Polynesia,PYF,Urban land area where elevation is below 5 meters (sq. km),AG.LND.EL5M.UR.K2,,,,,,,,,,,,,,,,,,,,,,,,,,,,,,,8.639340718,,,,,,,,,,9.882890137,,,,,,,,,,,,,,,10.88302111,,,,,,,
Qatar,QAT,Urban land area where elevation is below 5 meters (sq. km),AG.LND.EL5M.UR.K2,,,,,,,,,,,,,,,,,,,,,,,,,,,,,,,26.40451478,,,,,,,,,,42.66581385,,,,,,,,,,,,,,,102.2276143,,,,,,,
Romania,ROU,Urban land area where elevation is below 5 meters (sq. km),AG.LND.EL5M.UR.K2,,,,,,,,,,,,,,,,,,,,,,,,,,,,,,,28.61030666,,,,,,,,,,27.74557903,,,,,,,,,,,,,,,26.70800738,,,,,,,
Russian Federation,RUS,Urban land area where elevation is below 5 meters (sq. km),AG.LND.EL5M.UR.K2,,,,,,,,,,,,,,,,,,,,,,,,,,,,,,,564.6920862,,,,,,,,,,585.293524,,,,,,,,,,,,,,,580.9963302,,,,,,,
Rwanda,RWA,Urban land area where elevation is below 5 meters (sq. km),AG.LND.EL5M.UR.K2,,,,,,,,,,,,,,,,,,,,,,,,,,,,,,,0,,,,,,,,,,0,,,,,,,,,,,,,,,0,,,,,,,
South Asia,SAS,Urban land area where elevation is below 5 meters (sq. km),AG.LND.EL5M.UR.K2,,,,,,,,,,,,,,,,,,,,,,,,,,,,,,,11548.04872,,,,,,,,,,12964.90423,,,,,,,,,,,,,,,14391.59444,,,,,,,
Saudi Arabia,SAU,Urban land area where elevation is below 5 meters (sq. km),AG.LND.EL5M.UR.K2,,,,,,,,,,,,,,,,,,,,,,,,,,,,,,,257.0764861,,,,,,,,,,305.5250946,,,,,,,,,,,,,,,379.483885,,,,,,,
Sudan,SDN,Urban land area where elevation is below 5 meters (sq. km),AG.LND.EL5M.UR.K2,,,,,,,,,,,,,,,,,,,,,,,,,,,,,,,12.68690345,,,,,,,,,,16.91787254,,,,,,,,,,,,,,,22.71477096,,,,,,,
Senegal,SEN,Urban land area where elevation is below 5 meters (sq. km),AG.LND.EL5M.UR.K2,,,,,,,,,,,,,,,,,,,,,,,,,,,,,,,94.18378786,,,,,,,,,,116.8928264,,,,,,,,,,,,,,,165.3646243,,,,,,,
Singapore,SGP,Urban land area where elevation is below 5 meters (sq. km),AG.LND.EL5M.UR.K2,,,,,,,,,,,,,,,,,,,,,,,,,,,,,,,16.19006223,,,,,,,,,,18.68865827,,,,,,,,,,,,,,,20.99475578,,,,,,,
Solomon Islands,SLB,Urban land area where elevation is below 5 meters (sq. km),AG.LND.EL5M.UR.K2,,,,,,,,,,,,,,,,,,,,,,,,,,,,,,,1.425036889,,,,,,,,,,4.00507671,,,,,,,,,,,,,,,7.564792941,,,,,,,
Sierra Leone,SLE,Urban land area where elevation is below 5 meters (sq. km),AG.LND.EL5M.UR.K2,,,,,,,,,,,,,,,,,,,,,,,,,,,,,,,21.29196994,,,,,,,,,,23.87792726,,,,,,,,,,,,,,,38.73814136,,,,,,,
El Salvador,SLV,Urban land area where elevation is below 5 meters (sq. km),AG.LND.EL5M.UR.K2,,,,,,,,,,,,,,,,,,,,,,,,,,,,,,,8.854066038,,,,,,,,,,12.76293753,,,,,,,,,,,,,,,14.83724486,,,,,,,
San Marino,SMR,Urban land area where elevation is below 5 meters (sq. km),AG.LND.EL5M.UR.K2,,,,,,,,,,,,,,,,,,,,,,,,,,,,,,,0,,,,,,,,,,0,,,,,,,,,,,,,,,0,,,,,,,
Somalia,SOM,Urban land area where elevation is below 5 meters (sq. km),AG.LND.EL5M.UR.K2,,,,,,,,,,,,,,,,,,,,,,,,,,,,,,,26.32732296,,,,,,,,,,26.32732296,,,,,,,,,,,,,,,27.89498346,,,,,,,
Serbia,SRB,Urban land area where elevation is below 5 meters (sq. km),AG.LND.EL5M.UR.K2,,,,,,,,,,,,,,,,,,,,,,,,,,,,,,,0,,,,,,,,,,0,,,,,,,,,,,,,,,0,,,,,,,
Sub-Saharan Africa (excluding high income),SSA,Urban land area where elevation is below 5 meters (sq. km),AG.LND.EL5M.UR.K2,,,,,,,,,,,,,,,,,,,,,,,,,,,,,,,1852.265119,,,,,,,,,,2236.789256,,,,,,,,,,,,,,,2951.973247,,,,,,,
South Sudan,SSD,Urban land area where elevation is below 5 meters (sq. km),AG.LND.EL5M.UR.K2,,,,,,,,,,,,,,,,,,,,,,,,,,,,,,,0,,,,,,,,,,0,,,,,,,,,,,,,,,0,,,,,,,
Sub-Saharan Africa,SSF,Urban land area where elevation is below 5 meters (sq. km),AG.LND.EL5M.UR.K2,,,,,,,,,,,,,,,,,,,,,,,,,,,,,,,1855.509227,,,,,,,,,,2240.394646,,,,,,,,,,,,,,,2956.772529,,,,,,,
Small states,SST,Urban land area where elevation is below 5 meters (sq. km),AG.LND.EL5M.UR.K2,,,,,,,,,,,,,,,,,,,,,,,,,,,,,,,800.0970423,,,,,,,,,,953.4962467,,,,,,,,,,,,,,,1181.036585,,,,,,,
Sao Tome and Principe,STP,Urban land area where elevation is below 5 meters (sq. km),AG.LND.EL5M.UR.K2,,,,,,,,,,,,,,,,,,,,,,,,,,,,,,,1.081380599,,,,,,,,,,1.139044521,,,,,,,,,,,,,,,1.132888366,,,,,,,
Suriname,SUR,Urban land area where elevation is below 5 meters (sq. km),AG.LND.EL5M.UR.K2,,,,,,,,,,,,,,,,,,,,,,,,,,,,,,,109.2535034,,,,,,,,,,152.1777873,,,,,,,,,,,,,,,207.0835454,,,,,,,
Slovak Republic,SVK,Urban land area where elevation is below 5 meters (sq. km),AG.LND.EL5M.UR.K2,,,,,,,,,,,,,,,,,,,,,,,,,,,,,,,0,,,,,,,,,,0,,,,,,,,,,,,,,,0,,,,,,,
Slovenia,SVN,Urban land area where elevation is below 5 meters (sq. km),AG.LND.EL5M.UR.K2,,,,,,,,,,,,,,,,,,,,,,,,,,,,,,,11.6530759,,,,,,,,,,11.6530759,,,,,,,,,,,,,,,12.42281429,,,,,,,
Sweden,SWE,Urban land area where elevation is below 5 meters (sq. km),AG.LND.EL5M.UR.K2,,,,,,,,,,,,,,,,,,,,,,,,,,,,,,,249.5180214,,,,,,,,,,258.8169621,,,,,,,,,,,,,,,274.3979452,,,,,,,
Eswatini,SWZ,Urban land area where elevation is below 5 meters (sq. km),AG.LND.EL5M.UR.K2,,,,,,,,,,,,,,,,,,,,,,,,,,,,,,,0,,,,,,,,,,0,,,,,,,,,,,,,,,0,,,,,,,
Sint Maarten (Dutch part),SXM,Urban land area where elevation is below 5 meters (sq. km),AG.LND.EL5M.UR.K2,,,,,,,,,,,,,,,,,,,,,,,,,,,,,,,1.813560947,,,,,,,,,,2.40869064,,,,,,,,,,,,,,,3.803379728,,,,,,,
Seychelles,SYC,Urban land area where elevation is below 5 meters (sq. km),AG.LND.EL5M.UR.K2,,,,,,,,,,,,,,,,,,,,,,,,,,,,,,,3.244108206,,,,,,,,,,3.605389478,,,,,,,,,,,,,,,4.799282489,,,,,,,
Syrian Arab Republic,SYR,Urban land area where elevation is below 5 meters (sq. km),AG.LND.EL5M.UR.K2,,,,,,,,,,,,,,,,,,,,,,,,,,,,,,,24.40280427,,,,,,,,,,26.45958866,,,,,,,,,,,,,,,26.44572565,,,,,,,
Turks and Caicos Islands,TCA,Urban land area where elevation is below 5 meters (sq. km),AG.LND.EL5M.UR.K2,,,,,,,,,,,,,,,,,,,,,,,,,,,,,,,0,,,,,,,,,,1.677839508,,,,,,,,,,,,,,,4.122612208,,,,,,,
Chad,TCD,Urban land area where elevation is below 5 meters (sq. km),AG.LND.EL5M.UR.K2,,,,,,,,,,,,,,,,,,,,,,,,,,,,,,,0,,,,,,,,,,0,,,,,,,,,,,,,,,0,,,,,,,
East Asia & Pacific (IDA & IBRD countries),TEA,Urban land area where elevation is below 5 meters (sq. km),AG.LND.EL5M.UR.K2,,,,,,,,,,,,,,,,,,,,,,,,,,,,,,,38646.32317,,,,,,,,,,48255.80342,,,,,,,,,,,,,,,57818.9859,,,,,,,
Europe & Central Asia (IDA & IBRD countries),TEC,Urban land area where elevation is below 5 meters (sq. km),AG.LND.EL5M.UR.K2,,,,,,,,,,,,,,,,,,,,,,,,,,,,,,,1719.372741,,,,,,,,,,1837.276275,,,,,,,,,,,,,,,1936.489971,,,,,,,
Togo,TGO,Urban land area where elevation is below 5 meters (sq. km),AG.LND.EL5M.UR.K2,,,,,,,,,,,,,,,,,,,,,,,,,,,,,,,29.38147509,,,,,,,,,,34.06292973,,,,,,,,,,,,,,,35.96988883,,,,,,,
Thailand,THA,Urban land area where elevation is below 5 meters (sq. km),AG.LND.EL5M.UR.K2,,,,,,,,,,,,,,,,,,,,,,,,,,,,,,,2139.59065,,,,,,,,,,3040.457421,,,,,,,,,,,,,,,4007.043955,,,,,,,
Tajikistan,TJK,Urban land area where elevation is below 5 meters (sq. km),AG.LND.EL5M.UR.K2,,,,,,,,,,,,,,,,,,,,,,,,,,,,,,,0,,,,,,,,,,0,,,,,,,,,,,,,,,0,,,,,,,
Turkmenistan,TKM,Urban land area where elevation is below 5 meters (sq. km),AG.LND.EL5M.UR.K2,,,,,,,,,,,,,,,,,,,,,,,,,,,,,,,0,,,,,,,,,,0,,,,,,,,,,,,,,,0,,,,,,,
Latin America & the Caribbean (IDA & IBRD countries),TLA,Urban land area where elevation is below 5 meters (sq. km),AG.LND.EL5M.UR.K2,,,,,,,,,,,,,,,,,,,,,,,,,,,,,,,2714.107002,,,,,,,,,,3244.583503,,,,,,,,,,,,,,,3844.945815,,,,,,,
Timor-Leste,TLS,Urban land area where elevation is below 5 meters (sq. km),AG.LND.EL5M.UR.K2,,,,,,,,,,,,,,,,,,,,,,,,,,,,,,,2.935543542,,,,,,,,,,5.564737185,,,,,,,,,,,,,,,6.49206826,,,,,,,
Middle East & North Africa (IDA & IBRD countries),TMN,Urban land area where elevation is below 5 meters (sq. km),AG.LND.EL5M.UR.K2,,,,,,,,,,,,,,,,,,,,,,,,,,,,,,,4482.510715,,,,,,,,,,5364.984969,,,,,,,,,,,,,,,6348.896093,,,,,,,
Tonga,TON,Urban land area where elevation is below 5 meters (sq. km),AG.LND.EL5M.UR.K2,,,,,,,,,,,,,,,,,,,,,,,,,,,,,,,6.886431116,,,,,,,,,,6.200443706,,,,,,,,,,,,,,,6.200443706,,,,,,,
South Asia (IDA & IBRD),TSA,Urban land area where elevation is below 5 meters (sq. km),AG.LND.EL5M.UR.K2,,,,,,,,,,,,,,,,,,,,,,,,,,,,,,,11548.04872,,,,,,,,,,12964.90423,,,,,,,,,,,,,,,14391.59444,,,,,,,
Sub-Saharan Africa (IDA & IBRD countries),TSS,Urban land area where elevation is below 5 meters (sq. km),AG.LND.EL5M.UR.K2,,,,,,,,,,,,,,,,,,,,,,,,,,,,,,,1855.509227,,,,,,,,,,2240.394646,,,,,,,,,,,,,,,2956.772529,,,,,,,
Trinidad and Tobago,TTO,Urban land area where elevation is below 5 meters (sq. km),AG.LND.EL5M.UR.K2,,,,,,,,,,,,,,,,,,,,,,,,,,,,,,,38.27411569,,,,,,,,,,43.27109477,,,,,,,,,,,,,,,51.53178138,,,,,,,
Tunisia,TUN,Urban land area where elevation is below 5 meters (sq. km),AG.LND.EL5M.UR.K2,,,,,,,,,,,,,,,,,,,,,,,,,,,,,,,274.2691712,,,,,,,,,,299.5004341,,,,,,,,,,,,,,,328.082752,,,,,,,
Turkiye,TUR,Urban land area where elevation is below 5 meters (sq. km),AG.LND.EL5M.UR.K2,,,,,,,,,,,,,,,,,,,,,,,,,,,,,,,473.3235925,,,,,,,,,,560.8238255,,,,,,,,,,,,,,,643.4443587,,,,,,,
Tuvalu,TUV,Urban land area where elevation is below 5 meters (sq. km),AG.LND.EL5M.UR.K2,,,,,,,,,,,,,,,,,,,,,,,,,,,,,,,0,,,,,,,,,,0,,,,,,,,,,,,,,,0,,,,,,,
Tanzania,TZA,Urban land area where elevation is below 5 meters (sq. km),AG.LND.EL5M.UR.K2,,,,,,,,,,,,,,,,,,,,,,,,,,,,,,,23.6107219,,,,,,,,,,31.95452654,,,,,,,,,,,,,,,38.33321249,,,,,,,
Uganda,UGA,Urban land area where elevation is below 5 meters (sq. km),AG.LND.EL5M.UR.K2,,,,,,,,,,,,,,,,,,,,,,,,,,,,,,,0,,,,,,,,,,0,,,,,,,,,,,,,,,0,,,,,,,
Ukraine,UKR,Urban land area where elevation is below 5 meters (sq. km),AG.LND.EL5M.UR.K2,,,,,,,,,,,,,,,,,,,,,,,,,,,,,,,232.7954067,,,,,,,,,,228.2295942,,,,,,,,,,,,,,,222.7812905,,,,,,,
Upper middle income,UMC,Urban land area where elevation is below 5 meters (sq. km),AG.LND.EL5M.UR.K2,,,,,,,,,,,,,,,,,,,,,,,,,,,,,,,28710.9785,,,,,,,,,,36066.84693,,,,,,,,,,,,,,,44099.81735,,,,,,,
Uruguay,URY,Urban land area where elevation is below 5 meters (sq. km),AG.LND.EL5M.UR.K2,,,,,,,,,,,,,,,,,,,,,,,,,,,,,,,38.0861924,,,,,,,,,,46.8953967,,,,,,,,,,,,,,,51.76571135,,,,,,,
United States,USA,Urban land area where elevation is below 5 meters (sq. km),AG.LND.EL5M.UR.K2,,,,,,,,,,,,,,,,,,,,,,,,,,,,,,,3868.453742,,,,,,,,,,4371.434474,,,,,,,,,,,,,,,5003.992407,,,,,,,
Uzbekistan,UZB,Urban land area where elevation is below 5 meters (sq. km),AG.LND.EL5M.UR.K2,,,,,,,,,,,,,,,,,,,,,,,,,,,,,,,0,,,,,,,,,,0,,,,,,,,,,,,,,,0,,,,,,,
St. Vincent and the Grenadines,VCT,Urban land area where elevation is below 5 meters (sq. km),AG.LND.EL5M.UR.K2,,,,,,,,,,,,,,,,,,,,,,,,,,,,,,,3.24510117,,,,,,,,,,3.510604849,,,,,,,,,,,,,,,3.612850463,,,,,,,
"Venezuela, RB",VEN,Urban land area where elevation is below 5 meters (sq. km),AG.LND.EL5M.UR.K2,,,,,,,,,,,,,,,,,,,,,,,,,,,,,,,255.983323,,,,,,,,,,287.4418962,,,,,,,,,,,,,,,328.3456366,,,,,,,
British Virgin Islands,VGB,Urban land area where elevation is below 5 meters (sq. km),AG.LND.EL5M.UR.K2,,,,,,,,,,,,,,,,,,,,,,,,,,,,,,,0,,,,,,,,,,1.127177129,,,,,,,,,,,,,,,2.110719514,,,,,,,
Virgin Islands (U.S.),VIR,Urban land area where elevation is below 5 meters (sq. km),AG.LND.EL5M.UR.K2,,,,,,,,,,,,,,,,,,,,,,,,,,,,,,,5.765510833,,,,,,,,,,6.814645801,,,,,,,,,,,,,,,7.441076057,,,,,,,
Viet Nam,VNM,Urban land area where elevation is below 5 meters (sq. km),AG.LND.EL5M.UR.K2,,,,,,,,,,,,,,,,,,,,,,,,,,,,,,,9167.286098,,,,,,,,,,10967.65061,,,,,,,,,,,,,,,12038.38831,,,,,,,
Vanuatu,VUT,Urban land area where elevation is below 5 meters (sq. km),AG.LND.EL5M.UR.K2,,,,,,,,,,,,,,,,,,,,,,,,,,,,,,,1.270902347,,,,,,,,,,2.636289792,,,,,,,,,,,,,,,4.514382629,,,,,,,
World,WLD,Urban land area where elevation is below 5 meters (sq. km),AG.LND.EL5M.UR.K2,,,,,,,,,,,,,,,,,,,,,,,,,,,,,,,83602.74024,,,,,,,,,,98325.79537,,,,,,,,,,,,,,,113659.3781,,,,,,,
Samoa,WSM,Urban land area where elevation is below 5 meters (sq. km),AG.LND.EL5M.UR.K2,,,,,,,,,,,,,,,,,,,,,,,,,,,,,,,1.224183865,,,,,,,,,,1.535734821,,,,,,,,,,,,,,,3.49922843,,,,,,,
Kosovo,XKX,Urban land area where elevation is below 5 meters (sq. km),AG.LND.EL5M.UR.K2,,,,,,,,,,,,,,,,,,,,,,,,,,,,,,,,,,,,,,,,,,,,,,,,,,,,,,,,,,,,,,,
"Yemen, Rep.",YEM,Urban land area where elevation is below 5 meters (sq. km),AG.LND.EL5M.UR.K2,,,,,,,,,,,,,,,,,,,,,,,,,,,,,,,24.71369731,,,,,,,,,,35.35976695,,,,,,,,,,,,,,,54.23151339,,,,,,,
South Africa,ZAF,Urban land area where elevation is below 5 meters (sq. km),AG.LND.EL5M.UR.K2,,,,,,,,,,,,,,,,,,,,,,,,,,,,,,,65.83445526,,,,,,,,,,79.26112808,,,,,,,,,,,,,,,99.19414135,,,,,,,
Zambia,ZMB,Urban land area where elevation is below 5 meters (sq. km),AG.LND.EL5M.UR.K2,,,,,,,,,,,,,,,,,,,,,,,,,,,,,,,0,,,,,,,,,,0,,,,,,,,,,,,,,,0,,,,,,,
Zimbabwe,ZWE,Urban land area where elevation is below 5 meters (sq. km),AG.LND.EL5M.UR.K2,,,,,,,,,,,,,,,,,,,,,,,,,,,,,,,0,,,,,,,,,,0,,,,,,,,,,,,,,,0,,,,,,,