"Data Source","World Development Indicators",

"Last Updated Date","2023-10-26",

"Country Name","Country Code","Indicator Name","Indicator Code","1960","1961","1962","1963","1964","1965","1966","1967","1968","1969","1970","1971","1972","1973","1974","1975","1976","1977","1978","1979","1980","1981","1982","1983","1984","1985","1986","1987","1988","1989","1990","1991","1992","1993","1994","1995","1996","1997","1998","1999","2000","2001","2002","2003","2004","2005","2006","2007","2008","2009","2010","2011","2012","2013","2014","2015","2016","2017","2018","2019","2020","2021","2022",
"Aruba","ABW","Urban land area where elevation is below 5 meters (sq. km)","AG.LND.EL5M.UR.K2","","","","","","","","","","","","","","","","","","","","","","","","","","","","","","","6.1584995822","","","","","","","","","","7.01444219565","","","","","","","","","","","","","","","7.53031525528","","","","","","","",
"Africa Eastern and Southern","AFE","Urban land area where elevation is below 5 meters (sq. km)","AG.LND.EL5M.UR.K2","","","","","","","","","","","","","","","","","","","","","","","","","","","","","","","337.285573264735","","","","","","","","","","420.034032004954","","","","","","","","","","","","","","","588.728409064831","","","","","","","",
"Afghanistan","AFG","Urban land area where elevation is below 5 meters (sq. km)","AG.LND.EL5M.UR.K2","","","","","","","","","","","","","","","","","","","","","","","","","","","","","","","0","","","","","","","","","","0","","","","","","","","","","","","","","","0","","","","","","","",
"Africa Western and Central","AFW","Urban land area where elevation is below 5 meters (sq. km)","AG.LND.EL5M.UR.K2","","","","","","","","","","","","","","","","","","","","","","","","","","","","","","","1518.22365419099","","","","","","","","","","1820.36061377482","","","","","","","","","","","","","","","2368.04412004448","","","","","","","",
"Angola","AGO","Urban land area where elevation is below 5 meters (sq. km)","AG.LND.EL5M.UR.K2","","","","","","","","","","","","","","","","","","","","","","","","","","","","","","","23.73146248616","","","","","","","","","","37.9020858131","","","","","","","","","","","","","","","90.1217129075","","","","","","","",
"Albania","ALB","Urban land area where elevation is below 5 meters (sq. km)","AG.LND.EL5M.UR.K2","","","","","","","","","","","","","","","","","","","","","","","","","","","","","","","52.1409350654","","","","","","","","","","60.1973705819","","","","","","","","","","","","","","","66.3642524301","","","","","","","",
"Andorra","AND","Urban land area where elevation is below 5 meters (sq. km)","AG.LND.EL5M.UR.K2","","","","","","","","","","","","","","","","","","","","","","","","","","","","","","","0","","","","","","","","","","0","","","","","","","","","","","","","","","0","","","","","","","",
"Arab World","ARB","Urban land area where elevation is below 5 meters (sq. km)","AG.LND.EL5M.UR.K2","","","","","","","","","","","","","","","","","","","","","","","","","","","","","","","5329.62253313553","","","","","","","","","","6306.49645520029","","","","","","","","","","","","","","","7613.17791264053","","","","","","","",
"United Arab Emirates","ARE","Urban land area where elevation is below 5 meters (sq. km)","AG.LND.EL5M.UR.K2","","","","","","","","","","","","","","","","","","","","","","","","","","","","","","","350.267373255","","","","","","","","","","398.185361353","","","","","","","","","","","","","","","528.992171223","","","","","","","",
"Argentina","ARG","Urban land area where elevation is below 5 meters (sq. km)","AG.LND.EL5M.UR.K2","","","","","","","","","","","","","","","","","","","","","","","","","","","","","","","142.9918083302","","","","","","","","","","208.441967183","","","","","","","","","","","","","","","243.1406743961","","","","","","","",
"Armenia","ARM","Urban land area where elevation is below 5 meters (sq. km)","AG.LND.EL5M.UR.K2","","","","","","","","","","","","","","","","","","","","","","","","","","","","","","","0","","","","","","","","","","0","","","","","","","","","","","","","","","0","","","","","","","",
"American Samoa","ASM","Urban land area where elevation is below 5 meters (sq. km)","AG.LND.EL5M.UR.K2","","","","","","","","","","","","","","","","","","","","","","","","","","","","","","","0.776141925715","","","","","","","","","","0.776141925715","","","","","","","","","","","","","","","1.50120539311","","","","","","","",
"Antigua and Barbuda","ATG","Urban land area where elevation is below 5 meters (sq. km)","AG.LND.EL5M.UR.K2","","","","","","","","","","","","","","","","","","","","","","","","","","","","","","","2.62902817596","","","","","","","","","","2.87217104342","","","","","","","","","","","","","","","3.35095468443","","","","","","","",
"Australia","AUS","Urban land area where elevation is below 5 meters (sq. km)","AG.LND.EL5M.UR.K2","","","","","","","","","","","","","","","","","","","","","","","","","","","","","","","615.962818936","","","","","","","","","","672.747423413","","","","","","","","","","","","","","","751.940530185","","","","","","","",
"Austria","AUT","Urban land area where elevation is below 5 meters (sq. km)","AG.LND.EL5M.UR.K2","","","","","","","","","","","","","","","","","","","","","","","","","","","","","","","0","","","","","","","","","","0","","","","","","","","","","","","","","","0","","","","","","","",
"Azerbaijan","AZE","Urban land area where elevation is below 5 meters (sq. km)","AG.LND.EL5M.UR.K2","","","","","","","","","","","","","","","","","","","","","","","","","","","","","","","0","","","","","","","","","","0","","","","","","","","","","","","","","","0","","","","","","","",
"Burundi","BDI","Urban land area where elevation is below 5 meters (sq. km)","AG.LND.EL5M.UR.K2","","","","","","","","","","","","","","","","","","","","","","","","","","","","","","","0","","","","","","","","","","0","","","","","","","","","","","","","","","0","","","","","","","",
"Belgium","BEL","Urban land area where elevation is below 5 meters (sq. km)","AG.LND.EL5M.UR.K2","","","","","","","","","","","","","","","","","","","","","","","","","","","","","","","445.2192032413","","","","","","","","","","471.848414638","","","","","","","","","","","","","","","521.040531427","","","","","","","",
"Benin","BEN","Urban land area where elevation is below 5 meters (sq. km)","AG.LND.EL5M.UR.K2","","","","","","","","","","","","","","","","","","","","","","","","","","","","","","","133.3081267786","","","","","","","","","","179.9525318152","","","","","","","","","","","","","","","247.000451546","","","","","","","",
"Burkina Faso","BFA","Urban land area where elevation is below 5 meters (sq. km)","AG.LND.EL5M.UR.K2","","","","","","","","","","","","","","","","","","","","","","","","","","","","","","","0","","","","","","","","","","0","","","","","","","","","","","","","","","0","","","","","","","",
"Bangladesh","BGD","Urban land area where elevation is below 5 meters (sq. km)","AG.LND.EL5M.UR.K2","","","","","","","","","","","","","","","","","","","","","","","","","","","","","","","5770.626537634","","","","","","","","","","6429.14548963","","","","","","","","","","","","","","","7024.52142433","","","","","","","",
"Bulgaria","BGR","Urban land area where elevation is below 5 meters (sq. km)","AG.LND.EL5M.UR.K2","","","","","","","","","","","","","","","","","","","","","","","","","","","","","","","36.9288821003","","","","","","","","","","34.8884947623","","","","","","","","","","","","","","","37.5406846341","","","","","","","",
"Bahrain","BHR","Urban land area where elevation is below 5 meters (sq. km)","AG.LND.EL5M.UR.K2","","","","","","","","","","","","","","","","","","","","","","","","","","","","","","","88.7339671668","","","","","","","","","","97.0457912318","","","","","","","","","","","","","","","108.0431304066","","","","","","","",
"Bahamas, The","BHS","Urban land area where elevation is below 5 meters (sq. km)","AG.LND.EL5M.UR.K2","","","","","","","","","","","","","","","","","","","","","","","","","","","","","","","15.60090366299","","","","","","","","","","20.1580994405","","","","","","","","","","","","","","","24.3587984796","","","","","","","",
"Bosnia and Herzegovina","BIH","Urban land area where elevation is below 5 meters (sq. km)","AG.LND.EL5M.UR.K2","","","","","","","","","","","","","","","","","","","","","","","","","","","","","","","0","","","","","","","","","","0","","","","","","","","","","","","","","","0","","","","","","","",
"Belarus","BLR","Urban land area where elevation is below 5 meters (sq. km)","AG.LND.EL5M.UR.K2","","","","","","","","","","","","","","","","","","","","","","","","","","","","","","","0","","","","","","","","","","0","","","","","","","","","","","","","","","0","","","","","","","",
"Belize","BLZ","Urban land area where elevation is below 5 meters (sq. km)","AG.LND.EL5M.UR.K2","","","","","","","","","","","","","","","","","","","","","","","","","","","","","","","21.4812423163","","","","","","","","","","33.6219570063","","","","","","","","","","","","","","","41.4774380864","","","","","","","",
"Bermuda","BMU","Urban land area where elevation is below 5 meters (sq. km)","AG.LND.EL5M.UR.K2","","","","","","","","","","","","","","","","","","","","","","","","","","","","","","","7.16590588004","","","","","","","","","","7.67348911357","","","","","","","","","","","","","","","11.1720046881","","","","","","","",
"Bolivia","BOL","Urban land area where elevation is below 5 meters (sq. km)","AG.LND.EL5M.UR.K2","","","","","","","","","","","","","","","","","","","","","","","","","","","","","","","0","","","","","","","","","","0","","","","","","","","","","","","","","","0","","","","","","","",
"Brazil","BRA","Urban land area where elevation is below 5 meters (sq. km)","AG.LND.EL5M.UR.K2","","","","","","","","","","","","","","","","","","","","","","","","","","","","","","","1114.868972724","","","","","","","","","","1301.687383384","","","","","","","","","","","","","","","1503.744113778","","","","","","","",
"Barbados","BRB","Urban land area where elevation is below 5 meters (sq. km)","AG.LND.EL5M.UR.K2","","","","","","","","","","","","","","","","","","","","","","","","","","","","","","","5.71171561403","","","","","","","","","","6.01663484944","","","","","","","","","","","","","","","6.16529229431","","","","","","","",
"Brunei Darussalam","BRN","Urban land area where elevation is below 5 meters (sq. km)","AG.LND.EL5M.UR.K2","","","","","","","","","","","","","","","","","","","","","","","","","","","","","","","25.5893631375","","","","","","","","","","29.3479381765","","","","","","","","","","","","","","","34.03337994945","","","","","","","",
"Bhutan","BTN","Urban land area where elevation is below 5 meters (sq. km)","AG.LND.EL5M.UR.K2","","","","","","","","","","","","","","","","","","","","","","","","","","","","","","","0","","","","","","","","","","0","","","","","","","","","","","","","","","0","","","","","","","",
"Botswana","BWA","Urban land area where elevation is below 5 meters (sq. km)","AG.LND.EL5M.UR.K2","","","","","","","","","","","","","","","","","","","","","","","","","","","","","","","0","","","","","","","","","","0","","","","","","","","","","","","","","","0","","","","","","","",
"Central African Republic","CAF","Urban land area where elevation is below 5 meters (sq. km)","AG.LND.EL5M.UR.K2","","","","","","","","","","","","","","","","","","","","","","","","","","","","","","","0","","","","","","","","","","0","","","","","","","","","","","","","","","0","","","","","","","",
"Canada","CAN","Urban land area where elevation is below 5 meters (sq. km)","AG.LND.EL5M.UR.K2","","","","","","","","","","","","","","","","","","","","","","","","","","","","","","","216.424215591","","","","","","","","","","236.593367189","","","","","","","","","","","","","","","290.630492934","","","","","","","",
"Central Europe and the Baltics","CEB","Urban land area where elevation is below 5 meters (sq. km)","AG.LND.EL5M.UR.K2","","","","","","","","","","","","","","","","","","","","","","","","","","","","","","","473.43607644793","","","","","","","","","","479.01247116045","","","","","","","","","","","","","","","494.35536613525","","","","","","","",
"Switzerland","CHE","Urban land area where elevation is below 5 meters (sq. km)","AG.LND.EL5M.UR.K2","","","","","","","","","","","","","","","","","","","","","","","","","","","","","","","0","","","","","","","","","","0","","","","","","","","","","","","","","","0","","","","","","","",
"Channel Islands","CHI","Urban land area where elevation is below 5 meters (sq. km)","AG.LND.EL5M.UR.K2","","","","","","","","","","","","","","","","","","","","","","","","","","","","","","","","","","","","","","","","","","","","","","","","","","","","","","","","","","","","","","","",
"Chile","CHL","Urban land area where elevation is below 5 meters (sq. km)","AG.LND.EL5M.UR.K2","","","","","","","","","","","","","","","","","","","","","","","","","","","","","","","47.9404601454","","","","","","","","","","58.8947509555","","","","","","","","","","","","","","","66.5406008872","","","","","","","",
"China","CHN","Urban land area where elevation is below 5 meters (sq. km)","AG.LND.EL5M.UR.K2","","","","","","","","","","","","","","","","","","","","","","","","","","","","","","","21583.90938779","","","","","","","","","","27013.70395289","","","","","","","","","","","","","","","32989.8003106","","","","","","","",
"Cote d'Ivoire","CIV","Urban land area where elevation is below 5 meters (sq. km)","AG.LND.EL5M.UR.K2","","","","","","","","","","","","","","","","","","","","","","","","","","","","","","","89.8222387773","","","","","","","","","","100.1963309307","","","","","","","","","","","","","","","112.711235897","","","","","","","",
"Cameroon","CMR","Urban land area where elevation is below 5 meters (sq. km)","AG.LND.EL5M.UR.K2","","","","","","","","","","","","","","","","","","","","","","","","","","","","","","","32.6826993081","","","","","","","","","","42.29229819473","","","","","","","","","","","","","","","50.2840323969","","","","","","","",
"Congo, Dem. Rep.","COD","Urban land area where elevation is below 5 meters (sq. km)","AG.LND.EL5M.UR.K2","","","","","","","","","","","","","","","","","","","","","","","","","","","","","","","1.683458013339","","","","","","","","","","2.915994210044","","","","","","","","","","","","","","","2.761920167008","","","","","","","",
"Congo, Rep.","COG","Urban land area where elevation is below 5 meters (sq. km)","AG.LND.EL5M.UR.K2","","","","","","","","","","","","","","","","","","","","","","","","","","","","","","","5.514429185753","","","","","","","","","","6.156031739176","","","","","","","","","","","","","","","7.22136494899","","","","","","","",
"Colombia","COL","Urban land area where elevation is below 5 meters (sq. km)","AG.LND.EL5M.UR.K2","","","","","","","","","","","","","","","","","","","","","","","","","","","","","","","106.3236703999","","","","","","","","","","117.3338690308","","","","","","","","","","","","","","","130.366260552","","","","","","","",
"Comoros","COM","Urban land area where elevation is below 5 meters (sq. km)","AG.LND.EL5M.UR.K2","","","","","","","","","","","","","","","","","","","","","","","","","","","","","","","5.41371153201","","","","","","","","","","6.10693058092","","","","","","","","","","","","","","","10.86692984449","","","","","","","",
"Cabo Verde","CPV","Urban land area where elevation is below 5 meters (sq. km)","AG.LND.EL5M.UR.K2","","","","","","","","","","","","","","","","","","","","","","","","","","","","","","","3.9205386471","","","","","","","","","","4.15478550456","","","","","","","","","","","","","","","4.715697661046","","","","","","","",
"Costa Rica","CRI","Urban land area where elevation is below 5 meters (sq. km)","AG.LND.EL5M.UR.K2","","","","","","","","","","","","","","","","","","","","","","","","","","","","","","","16.8714676041","","","","","","","","","","19.8478887368","","","","","","","","","","","","","","","27.0027099994","","","","","","","",
"Caribbean small states","CSS","Urban land area where elevation is below 5 meters (sq. km)","AG.LND.EL5M.UR.K2","","","","","","","","","","","","","","","","","","","","","","","","","","","","","","","443.732763983547","","","","","","","","","","530.95664217401","","","","","","","","","","","","","","","620.98404485731","","","","","","","",
"Cuba","CUB","Urban land area where elevation is below 5 meters (sq. km)","AG.LND.EL5M.UR.K2","","","","","","","","","","","","","","","","","","","","","","","","","","","","","","","92.9636130104","","","","","","","","","","98.7069468588","","","","","","","","","","","","","","","104.9393829308","","","","","","","",
"Curacao","CUW","Urban land area where elevation is below 5 meters (sq. km)","AG.LND.EL5M.UR.K2","","","","","","","","","","","","","","","","","","","","","","","","","","","","","","","2.410272440869","","","","","","","","","","2.86603581626","","","","","","","","","","","","","","","3.71472728159","","","","","","","",
"Cayman Islands","CYM","Urban land area where elevation is below 5 meters (sq. km)","AG.LND.EL5M.UR.K2","","","","","","","","","","","","","","","","","","","","","","","","","","","","","","","3.24084549863","","","","","","","","","","5.327947126","","","","","","","","","","","","","","","10.9699331494","","","","","","","",
"Cyprus","CYP","Urban land area where elevation is below 5 meters (sq. km)","AG.LND.EL5M.UR.K2","","","","","","","","","","","","","","","","","","","","","","","","","","","","","","","25.15097457798","","","","","","","","","","27.39870624029","","","","","","","","","","","","","","","30.64216403772","","","","","","","",
"Czechia","CZE","Urban land area where elevation is below 5 meters (sq. km)","AG.LND.EL5M.UR.K2","","","","","","","","","","","","","","","","","","","","","","","","","","","","","","","0","","","","","","","","","","0","","","","","","","","","","","","","","","0","","","","","","","",
"Germany","DEU","Urban land area where elevation is below 5 meters (sq. km)","AG.LND.EL5M.UR.K2","","","","","","","","","","","","","","","","","","","","","","","","","","","","","","","801.946846941","","","","","","","","","","862.332968939","","","","","","","","","","","","","","","852.194048592","","","","","","","",
"Djibouti","DJI","Urban land area where elevation is below 5 meters (sq. km)","AG.LND.EL5M.UR.K2","","","","","","","","","","","","","","","","","","","","","","","","","","","","","","","4.49070538953","","","","","","","","","","4.84964511171","","","","","","","","","","","","","","","8.39170619892","","","","","","","",
"Dominica","DMA","Urban land area where elevation is below 5 meters (sq. km)","AG.LND.EL5M.UR.K2","","","","","","","","","","","","","","","","","","","","","","","","","","","","","","","1.61973365117","","","","","","","","","","2.41399742011","","","","","","","","","","","","","","","3.04083374515","","","","","","","",
"Denmark","DNK","Urban land area where elevation is below 5 meters (sq. km)","AG.LND.EL5M.UR.K2","","","","","","","","","","","","","","","","","","","","","","","","","","","","","","","327.9753500471","","","","","","","","","","351.4084017636","","","","","","","","","","","","","","","355.663373184","","","","","","","",
"Dominican Republic","DOM","Urban land area where elevation is below 5 meters (sq. km)","AG.LND.EL5M.UR.K2","","","","","","","","","","","","","","","","","","","","","","","","","","","","","","","36.0706460166","","","","","","","","","","49.5250028464","","","","","","","","","","","","","","","69.8473260271","","","","","","","",
"Algeria","DZA","Urban land area where elevation is below 5 meters (sq. km)","AG.LND.EL5M.UR.K2","","","","","","","","","","","","","","","","","","","","","","","","","","","","","","","133.5559189549","","","","","","","","","","149.2668981591","","","","","","","","","","","","","","","164.5325647508","","","","","","","",
"East Asia & Pacific (excluding high income)","EAP","Urban land area where elevation is below 5 meters (sq. km)","AG.LND.EL5M.UR.K2","","","","","","","","","","","","","","","","","","","","","","","","","","","","","","","38778.2686234214","","","","","","","","","","48412.1059440832","","","","","","","","","","","","","","","57986.0316838238","","","","","","","",
"Early-demographic dividend","EAR","Urban land area where elevation is below 5 meters (sq. km)","AG.LND.EL5M.UR.K2","","","","","","","","","","","","","","","","","","","","","","","","","","","","","","","22219.6655950868","","","","","","","","","","26001.7080055354","","","","","","","","","","","","","","","30073.2257479022","","","","","","","",
"East Asia & Pacific","EAS","Urban land area where elevation is below 5 meters (sq. km)","AG.LND.EL5M.UR.K2","","","","","","","","","","","","","","","","","","","","","","","","","","","","","","","46809.7367904309","","","","","","","","","","56743.0018722517","","","","","","","","","","","","","","","66504.3462484336","","","","","","","",
"Europe & Central Asia (excluding high income)","ECA","Urban land area where elevation is below 5 meters (sq. km)","AG.LND.EL5M.UR.K2","","","","","","","","","","","","","","","","","","","","","","","","","","","","","","","1427.15093878581","","","","","","","","","","1538.27354503553","","","","","","","","","","","","","","","1622.0329950454","","","","","","","",
"Europe & Central Asia","ECS","Urban land area where elevation is below 5 meters (sq. km)","AG.LND.EL5M.UR.K2","","","","","","","","","","","","","","","","","","","","","","","","","","","","","","","10908.8067657881","","","","","","","","","","11766.3568820118","","","","","","","","","","","","","","","12522.3887312033","","","","","","","",
"Ecuador","ECU","Urban land area where elevation is below 5 meters (sq. km)","AG.LND.EL5M.UR.K2","","","","","","","","","","","","","","","","","","","","","","","","","","","","","","","115.3261556215","","","","","","","","","","136.4363004108","","","","","","","","","","","","","","","149.5825623485","","","","","","","",
"Egypt, Arab Rep.","EGY","Urban land area where elevation is below 5 meters (sq. km)","AG.LND.EL5M.UR.K2","","","","","","","","","","","","","","","","","","","","","","","","","","","","","","","3386.668116834","","","","","","","","","","4071.137120864","","","","","","","","","","","","","","","4819.91052629","","","","","","","",
"Euro area","EMU","Urban land area where elevation is below 5 meters (sq. km)","AG.LND.EL5M.UR.K2","","","","","","","","","","","","","","","","","","","","","","","","","","","","","","","7716.8831257166","","","","","","","","","","8398.6751900709","","","","","","","","","","","","","","","8984.90190551027","","","","","","","",
"Eritrea","ERI","Urban land area where elevation is below 5 meters (sq. km)","AG.LND.EL5M.UR.K2","","","","","","","","","","","","","","","","","","","","","","","","","","","","","","","5.53568871133","","","","","","","","","","5.53568871133","","","","","","","","","","","","","","","8.39020649157","","","","","","","",
"Spain","ESP","Urban land area where elevation is below 5 meters (sq. km)","AG.LND.EL5M.UR.K2","","","","","","","","","","","","","","","","","","","","","","","","","","","","","","","735.610105098","","","","","","","","","","778.030219197","","","","","","","","","","","","","","","844.281839546","","","","","","","",
"Estonia","EST","Urban land area where elevation is below 5 meters (sq. km)","AG.LND.EL5M.UR.K2","","","","","","","","","","","","","","","","","","","","","","","","","","","","","","","13.09234407499","","","","","","","","","","16.081262672","","","","","","","","","","","","","","","20.93740332324","","","","","","","",
"Ethiopia","ETH","Urban land area where elevation is below 5 meters (sq. km)","AG.LND.EL5M.UR.K2","","","","","","","","","","","","","","","","","","","","","","","","","","","","","","","0","","","","","","","","","","0","","","","","","","","","","","","","","","0","","","","","","","",
"European Union","EUU","Urban land area where elevation is below 5 meters (sq. km)","AG.LND.EL5M.UR.K2","","","","","","","","","","","","","","","","","","","","","","","","","","","","","","","8623.52718111623","","","","","","","","","","9342.79177872829","","","","","","","","","","","","","","","9966.9608849668","","","","","","","",
"Fragile and conflict affected situations","FCS","Urban land area where elevation is below 5 meters (sq. km)","AG.LND.EL5M.UR.K2","","","","","","","","","","","","","","","","","","","","","","","","","","","","","","","2011.56043526926","","","","","","","","","","2412.91434857811","","","","","","","","","","","","","","","2940.88031025866","","","","","","","",
"Finland","FIN","Urban land area where elevation is below 5 meters (sq. km)","AG.LND.EL5M.UR.K2","","","","","","","","","","","","","","","","","","","","","","","","","","","","","","","116.519823931","","","","","","","","","","126.916659466","","","","","","","","","","","","","","","125.7894347821","","","","","","","",
"Fiji","FJI","Urban land area where elevation is below 5 meters (sq. km)","AG.LND.EL5M.UR.K2","","","","","","","","","","","","","","","","","","","","","","","","","","","","","","","14.34507416666","","","","","","","","","","15.46811317384","","","","","","","","","","","","","","","21.88120637011","","","","","","","",
"France","FRA","Urban land area where elevation is below 5 meters (sq. km)","AG.LND.EL5M.UR.K2","","","","","","","","","","","","","","","","","","","","","","","","","","","","","","","599.901256341","","","","","","","","","","650.658523912","","","","","","","","","","","","","","","735.748834529","","","","","","","",
"Faroe Islands","FRO","Urban land area where elevation is below 5 meters (sq. km)","AG.LND.EL5M.UR.K2","","","","","","","","","","","","","","","","","","","","","","","","","","","","","","","0","","","","","","","","","","0","","","","","","","","","","","","","","","0","","","","","","","",
"Micronesia, Fed. Sts.","FSM","Urban land area where elevation is below 5 meters (sq. km)","AG.LND.EL5M.UR.K2","","","","","","","","","","","","","","","","","","","","","","","","","","","","","","","1.98234267812","","","","","","","","","","1.98234267812","","","","","","","","","","","","","","","2.45860029664","","","","","","","",
"Gabon","GAB","Urban land area where elevation is below 5 meters (sq. km)","AG.LND.EL5M.UR.K2","","","","","","","","","","","","","","","","","","","","","","","","","","","","","","","26.9455431762","","","","","","","","","","27.9440201435","","","","","","","","","","","","","","","36.9190351984","","","","","","","",
"United Kingdom","GBR","Urban land area where elevation is below 5 meters (sq. km)","AG.LND.EL5M.UR.K2","","","","","","","","","","","","","","","","","","","","","","","","","","","","","","","770.034596663","","","","","","","","","","787.223635941","","","","","","","","","","","","","","","825.794981582","","","","","","","",
"Georgia","GEO","Urban land area where elevation is below 5 meters (sq. km)","AG.LND.EL5M.UR.K2","","","","","","","","","","","","","","","","","","","","","","","","","","","","","","","52.79291596471","","","","","","","","","","54.27275472483","","","","","","","","","","","","","","","56.1583536707","","","","","","","",
"Ghana","GHA","Urban land area where elevation is below 5 meters (sq. km)","AG.LND.EL5M.UR.K2","","","","","","","","","","","","","","","","","","","","","","","","","","","","","","","175.8947322252","","","","","","","","","","207.3115516685","","","","","","","","","","","","","","","286.5665265335","","","","","","","",
"Gibraltar","GIB","Urban land area where elevation is below 5 meters (sq. km)","AG.LND.EL5M.UR.K2","","","","","","","","","","","","","","","","","","","","","","","","","","","","","","","3.50432629324","","","","","","","","","","3.50432629324","","","","","","","","","","","","","","","3.50432629324","","","","","","","",
"Guinea","GIN","Urban land area where elevation is below 5 meters (sq. km)","AG.LND.EL5M.UR.K2","","","","","","","","","","","","","","","","","","","","","","","","","","","","","","","40.2212691699","","","","","","","","","","63.1561125947","","","","","","","","","","","","","","","87.1300355868","","","","","","","",
"Gambia, The","GMB","Urban land area where elevation is below 5 meters (sq. km)","AG.LND.EL5M.UR.K2","","","","","","","","","","","","","","","","","","","","","","","","","","","","","","","17.8911708295","","","","","","","","","","21.92350376001","","","","","","","","","","","","","","","24.65313922668","","","","","","","",
"Guinea-Bissau","GNB","Urban land area where elevation is below 5 meters (sq. km)","AG.LND.EL5M.UR.K2","","","","","","","","","","","","","","","","","","","","","","","","","","","","","","","16.70140965468","","","","","","","","","","21.64868598989","","","","","","","","","","","","","","","25.13603305628","","","","","","","",
"Equatorial Guinea","GNQ","Urban land area where elevation is below 5 meters (sq. km)","AG.LND.EL5M.UR.K2","","","","","","","","","","","","","","","","","","","","","","","","","","","","","","","11.07970852323","","","","","","","","","","14.43927601644","","","","","","","","","","","","","","","16.74426053658","","","","","","","",
"Greece","GRC","Urban land area where elevation is below 5 meters (sq. km)","AG.LND.EL5M.UR.K2","","","","","","","","","","","","","","","","","","","","","","","","","","","","","","","188.4367708117","","","","","","","","","","211.7923441476","","","","","","","","","","","","","","","209.3268074919","","","","","","","",
"Grenada","GRD","Urban land area where elevation is below 5 meters (sq. km)","AG.LND.EL5M.UR.K2","","","","","","","","","","","","","","","","","","","","","","","","","","","","","","","4.36290656985","","","","","","","","","","6.28298066207","","","","","","","","","","","","","","","7.25438469485","","","","","","","",
"Greenland","GRL","Urban land area where elevation is below 5 meters (sq. km)","AG.LND.EL5M.UR.K2","","","","","","","","","","","","","","","","","","","","","","","","","","","","","","","0.912475598976","","","","","","","","","","2.32496392448","","","","","","","","","","","","","","","2.32496392448","","","","","","","",
"Guatemala","GTM","Urban land area where elevation is below 5 meters (sq. km)","AG.LND.EL5M.UR.K2","","","","","","","","","","","","","","","","","","","","","","","","","","","","","","","6.63012314559","","","","","","","","","","7.30401508108","","","","","","","","","","","","","","","13.62591741484","","","","","","","",
"Guam","GUM","Urban land area where elevation is below 5 meters (sq. km)","AG.LND.EL5M.UR.K2","","","","","","","","","","","","","","","","","","","","","","","","","","","","","","","1.63600805961","","","","","","","","","","1.92386779189","","","","","","","","","","","","","","","1.92386779189","","","","","","","",
"Guyana","GUY","Urban land area where elevation is below 5 meters (sq. km)","AG.LND.EL5M.UR.K2","","","","","","","","","","","","","","","","","","","","","","","","","","","","","","","140.5066748228","","","","","","","","","","150.4817672333","","","","","","","","","","","","","","","147.8968748856","","","","","","","",
"High income","HIC","Urban land area where elevation is below 5 meters (sq. km)","AG.LND.EL5M.UR.K2","","","","","","","","","","","","","","","","","","","","","","","","","","","","","","","22867.9870377476","","","","","","","","","","24659.3663405306","","","","","","","","","","","","","","","26628.9294367296","","","","","","","",
"Hong Kong SAR, China","HKG","Urban land area where elevation is below 5 meters (sq. km)","AG.LND.EL5M.UR.K2","","","","","","","","","","","","","","","","","","","","","","","","","","","","","","","63.5697105276","","","","","","","","","","68.7415374353","","","","","","","","","","","","","","","72.4929291643","","","","","","","",
"Honduras","HND","Urban land area where elevation is below 5 meters (sq. km)","AG.LND.EL5M.UR.K2","","","","","","","","","","","","","","","","","","","","","","","","","","","","","","","14.94221387729","","","","","","","","","","16.93634435967","","","","","","","","","","","","","","","40.47009571882","","","","","","","",
"Heavily indebted poor countries (HIPC)","HPC","Urban land area where elevation is below 5 meters (sq. km)","AG.LND.EL5M.UR.K2","","","","","","","","","","","","","","","","","","","","","","","","","","","","","","","1299.96020264886","","","","","","","","","","1538.68893618424","","","","","","","","","","","","","","","1932.04093428332","","","","","","","",
"Croatia","HRV","Urban land area where elevation is below 5 meters (sq. km)","AG.LND.EL5M.UR.K2","","","","","","","","","","","","","","","","","","","","","","","","","","","","","","","67.4829603719","","","","","","","","","","63.6455470047","","","","","","","","","","","","","","","65.7114053272","","","","","","","",
"Haiti","HTI","Urban land area where elevation is below 5 meters (sq. km)","AG.LND.EL5M.UR.K2","","","","","","","","","","","","","","","","","","","","","","","","","","","","","","","51.5640912476","","","","","","","","","","58.2864988644","","","","","","","","","","","","","","","63.7373654185","","","","","","","",
"Hungary","HUN","Urban land area where elevation is below 5 meters (sq. km)","AG.LND.EL5M.UR.K2","","","","","","","","","","","","","","","","","","","","","","","","","","","","","","","0","","","","","","","","","","0","","","","","","","","","","","","","","","0","","","","","","","",
"IBRD only","IBD","Urban land area where elevation is below 5 meters (sq. km)","AG.LND.EL5M.UR.K2","","","","","","","","","","","","","","","","","","","","","","","","","","","","","","","52843.5809553319","","","","","","","","","","64599.1794706885","","","","","","","","","","","","","","","76618.4328576803","","","","","","","",
"IDA & IBRD total","IBT","Urban land area where elevation is below 5 meters (sq. km)","AG.LND.EL5M.UR.K2","","","","","","","","","","","","","","","","","","","","","","","","","","","","","","","60965.8715710539","","","","","","","","","","73907.9470364749","","","","","","","","","","","","","","","87297.6847454207","","","","","","","",
"IDA total","IDA","Urban land area where elevation is below 5 meters (sq. km)","AG.LND.EL5M.UR.K2","","","","","","","","","","","","","","","","","","","","","","","","","","","","","","","8122.29061572196","","","","","","","","","","9308.76756578646","","","","","","","","","","","","","","","10679.2518877404","","","","","","","",
"IDA blend","IDB","Urban land area where elevation is below 5 meters (sq. km)","AG.LND.EL5M.UR.K2","","","","","","","","","","","","","","","","","","","","","","","","","","","","","","","786.718255314243","","","","","","","","","","946.403625940166","","","","","","","","","","","","","","","1246.8976552587","","","","","","","",
"Indonesia","IDN","Urban land area where elevation is below 5 meters (sq. km)","AG.LND.EL5M.UR.K2","","","","","","","","","","","","","","","","","","","","","","","","","","","","","","","3358.78388623","","","","","","","","","","4211.81835523","","","","","","","","","","","","","","","5029.16204349","","","","","","","",
"IDA only","IDX","Urban land area where elevation is below 5 meters (sq. km)","AG.LND.EL5M.UR.K2","","","","","","","","","","","","","","","","","","","","","","","","","","","","","","","7335.57236040772","","","","","","","","","","8362.36393984629","","","","","","","","","","","","","","","9432.35423248168","","","","","","","",
"Isle of Man","IMN","Urban land area where elevation is below 5 meters (sq. km)","AG.LND.EL5M.UR.K2","","","","","","","","","","","","","","","","","","","","","","","","","","","","","","","1.79590321844","","","","","","","","","","1.79590321844","","","","","","","","","","","","","","","2.23997530295","","","","","","","",
"India","IND","Urban land area where elevation is below 5 meters (sq. km)","AG.LND.EL5M.UR.K2","","","","","","","","","","","","","","","","","","","","","","","","","","","","","","","5466.03292723","","","","","","","","","","6198.00557268","","","","","","","","","","","","","","","7009.4472086","","","","","","","",
"Not classified","INX","Urban land area where elevation is below 5 meters (sq. km)","AG.LND.EL5M.UR.K2","","","","","","","","","","","","","","","","","","","","","","","","","","","","","","","","","","","","","","","","","","","","","","","","","","","","","","","","","","","","","","","",
"Ireland","IRL","Urban land area where elevation is below 5 meters (sq. km)","AG.LND.EL5M.UR.K2","","","","","","","","","","","","","","","","","","","","","","","","","","","","","","","41.8224923154","","","","","","","","","","48.713962202","","","","","","","","","","","","","","","57.1954348703","","","","","","","",
"Iran, Islamic Rep.","IRN","Urban land area where elevation is below 5 meters (sq. km)","AG.LND.EL5M.UR.K2","","","","","","","","","","","","","","","","","","","","","","","","","","","","","","","138.0847472615","","","","","","","","","","197.7935076278","","","","","","","","","","","","","","","259.720182965","","","","","","","",
"Iraq","IRQ","Urban land area where elevation is below 5 meters (sq. km)","AG.LND.EL5M.UR.K2","","","","","","","","","","","","","","","","","","","","","","","","","","","","","","","143.9369964954","","","","","","","","","","184.14711155","","","","","","","","","","","","","","","251.2620103393","","","","","","","",
"Iceland","ISL","Urban land area where elevation is below 5 meters (sq. km)","AG.LND.EL5M.UR.K2","","","","","","","","","","","","","","","","","","","","","","","","","","","","","","","8.1047099616","","","","","","","","","","11.24066394314","","","","","","","","","","","","","","","12.04111040538","","","","","","","",
"Israel","ISR","Urban land area where elevation is below 5 meters (sq. km)","AG.LND.EL5M.UR.K2","","","","","","","","","","","","","","","","","","","","","","","","","","","","","","","59.1794754386","","","","","","","","","","63.4669424322","","","","","","","","","","","","","","","71.2334139433","","","","","","","",
"Italy","ITA","Urban land area where elevation is below 5 meters (sq. km)","AG.LND.EL5M.UR.K2","","","","","","","","","","","","","","","","","","","","","","","","","","","","","","","941.877342486","","","","","","","","","","971.660848871","","","","","","","","","","","","","","","1081.059048829","","","","","","","",
"Jamaica","JAM","Urban land area where elevation is below 5 meters (sq. km)","AG.LND.EL5M.UR.K2","","","","","","","","","","","","","","","","","","","","","","","","","","","","","","","95.5708334427","","","","","","","","","","102.2262982394","","","","","","","","","","","","","","","116.691875782","","","","","","","",
"Jordan","JOR","Urban land area where elevation is below 5 meters (sq. km)","AG.LND.EL5M.UR.K2","","","","","","","","","","","","","","","","","","","","","","","","","","","","","","","1.00355874095","","","","","","","","","","1.003558740951","","","","","","","","","","","","","","","1.18078693538","","","","","","","",
"Japan","JPN","Urban land area where elevation is below 5 meters (sq. km)","AG.LND.EL5M.UR.K2","","","","","","","","","","","","","","","","","","","","","","","","","","","","","","","6396.18732895","","","","","","","","","","6516.85765234","","","","","","","","","","","","","","","6558.79841573","","","","","","","",
"Kazakhstan","KAZ","Urban land area where elevation is below 5 meters (sq. km)","AG.LND.EL5M.UR.K2","","","","","","","","","","","","","","","","","","","","","","","","","","","","","","","0","","","","","","","","","","0","","","","","","","","","","","","","","","0","","","","","","","",
"Kenya","KEN","Urban land area where elevation is below 5 meters (sq. km)","AG.LND.EL5M.UR.K2","","","","","","","","","","","","","","","","","","","","","","","","","","","","","","","19.63385355119","","","","","","","","","","23.31612939174","","","","","","","","","","","","","","","28.8298206136","","","","","","","",
"Kyrgyz Republic","KGZ","Urban land area where elevation is below 5 meters (sq. km)","AG.LND.EL5M.UR.K2","","","","","","","","","","","","","","","","","","","","","","","","","","","","","","","0","","","","","","","","","","0","","","","","","","","","","","","","","","0","","","","","","","",
"Cambodia","KHM","Urban land area where elevation is below 5 meters (sq. km)","AG.LND.EL5M.UR.K2","","","","","","","","","","","","","","","","","","","","","","","","","","","","","","","25.1703430534","","","","","","","","","","37.12737152294","","","","","","","","","","","","","","","33.07572108724","","","","","","","",
"Kiribati","KIR","Urban land area where elevation is below 5 meters (sq. km)","AG.LND.EL5M.UR.K2","","","","","","","","","","","","","","","","","","","","","","","","","","","","","","","0.695768777747","","","","","","","","","","0.868275721092","","","","","","","","","","","","","","","3.70724520611","","","","","","","",
"St. Kitts and Nevis","KNA","Urban land area where elevation is below 5 meters (sq. km)","AG.LND.EL5M.UR.K2","","","","","","","","","","","","","","","","","","","","","","","","","","","","","","","0.954649468767","","","","","","","","","","1.70038570871","","","","","","","","","","","","","","","1.70038570871","","","","","","","",
"Korea, Rep.","KOR","Urban land area where elevation is below 5 meters (sq. km)","AG.LND.EL5M.UR.K2","","","","","","","","","","","","","","","","","","","","","","","","","","","","","","","335.488550508","","","","","","","","","","395.261932219","","","","","","","","","","","","","","","437.953427458","","","","","","","",
"Kuwait","KWT","Urban land area where elevation is below 5 meters (sq. km)","AG.LND.EL5M.UR.K2","","","","","","","","","","","","","","","","","","","","","","","","","","","","","","","49.6126517355","","","","","","","","","","45.2705854847","","","","","","","","","","","","","","","79.3254489756","","","","","","","",
"Latin America & Caribbean (excluding high income)","LAC","Urban land area where elevation is below 5 meters (sq. km)","AG.LND.EL5M.UR.K2","","","","","","","","","","","","","","","","","","","","","","","","","","","","","","","2384.00289378133","","","","","","","","","","2855.2465349548","","","","","","","","","","","","","","","3394.15808640245","","","","","","","",
"Lao PDR","LAO","Urban land area where elevation is below 5 meters (sq. km)","AG.LND.EL5M.UR.K2","","","","","","","","","","","","","","","","","","","","","","","","","","","","","","","0","","","","","","","","","","0","","","","","","","","","","","","","","","0","","","","","","","",
"Lebanon","LBN","Urban land area where elevation is below 5 meters (sq. km)","AG.LND.EL5M.UR.K2","","","","","","","","","","","","","","","","","","","","","","","","","","","","","","","32.5096204615","","","","","","","","","","35.0016644739","","","","","","","","","","","","","","","41.0432509215","","","","","","","",
"Liberia","LBR","Urban land area where elevation is below 5 meters (sq. km)","AG.LND.EL5M.UR.K2","","","","","","","","","","","","","","","","","","","","","","","","","","","","","","","107.2357280063","","","","","","","","","","115.6782639918","","","","","","","","","","","","","","","124.445484826","","","","","","","",
"Libya","LBY","Urban land area where elevation is below 5 meters (sq. km)","AG.LND.EL5M.UR.K2","","","","","","","","","","","","","","","","","","","","","","","","","","","","","","","204.6303550023","","","","","","","","","","227.999908727","","","","","","","","","","","","","","","237.762559211","","","","","","","",
"St. Lucia","LCA","Urban land area where elevation is below 5 meters (sq. km)","AG.LND.EL5M.UR.K2","","","","","","","","","","","","","","","","","","","","","","","","","","","","","","","4.52235599421","","","","","","","","","","6.22286368592","","","","","","","","","","","","","","","6.81902921723","","","","","","","",
"Latin America & Caribbean","LCN","Urban land area where elevation is below 5 meters (sq. km)","AG.LND.EL5M.UR.K2","","","","","","","","","","","","","","","","","","","","","","","","","","","","","","","3007.41851684626","","","","","","","","","","3579.75193437255","","","","","","","","","","","","","","","4204.41318351965","","","","","","","",
"Least developed countries: UN classification","LDC","Urban land area where elevation is below 5 meters (sq. km)","AG.LND.EL5M.UR.K2","","","","","","","","","","","","","","","","","","","","","","","","","","","","","","","6883.61002829023","","","","","","","","","","7865.82750231531","","","","","","","","","","","","","","","8866.29897717438","","","","","","","",
"Low income","LIC","Urban land area where elevation is below 5 meters (sq. km)","AG.LND.EL5M.UR.K2","","","","","","","","","","","","","","","","","","","","","","","","","","","","","","","597.654576231799","","","","","","","","","","720.638129695384","","","","","","","","","","","","","","","878.191482021008","","","","","","","",
"Liechtenstein","LIE","Urban land area where elevation is below 5 meters (sq. km)","AG.LND.EL5M.UR.K2","","","","","","","","","","","","","","","","","","","","","","","","","","","","","","","0","","","","","","","","","","0","","","","","","","","","","","","","","","0","","","","","","","",
"Sri Lanka","LKA","Urban land area where elevation is below 5 meters (sq. km)","AG.LND.EL5M.UR.K2","","","","","","","","","","","","","","","","","","","","","","","","","","","","","","","247.8605941488","","","","","","","","","","268.672784044","","","","","","","","","","","","","","","276.92862303","","","","","","","",
"Lower middle income","LMC","Urban land area where elevation is below 5 meters (sq. km)","AG.LND.EL5M.UR.K2","","","","","","","","","","","","","","","","","","","","","","","","","","","","","","","31170.1368084935","","","","","","","","","","36591.5020719533","","","","","","","","","","","","","","","41724.0942273315","","","","","","","",
"Low & middle income","LMY","Urban land area where elevation is below 5 meters (sq. km)","AG.LND.EL5M.UR.K2","","","","","","","","","","","","","","","","","","","","","","","","","","","","","","","60478.7698828531","","","","","","","","","","73378.9871315942","","","","","","","","","","","","","","","86702.1030551203","","","","","","","",
"Lesotho","LSO","Urban land area where elevation is below 5 meters (sq. km)","AG.LND.EL5M.UR.K2","","","","","","","","","","","","","","","","","","","","","","","","","","","","","","","0","","","","","","","","","","0","","","","","","","","","","","","","","","0","","","","","","","",
"Late-demographic dividend","LTE","Urban land area where elevation is below 5 meters (sq. km)","AG.LND.EL5M.UR.K2","","","","","","","","","","","","","","","","","","","","","","","","","","","","","","","38123.7690114512","","","","","","","","","","47136.5238352446","","","","","","","","","","","","","","","56193.212212914","","","","","","","",
"Lithuania","LTU","Urban land area where elevation is below 5 meters (sq. km)","AG.LND.EL5M.UR.K2","","","","","","","","","","","","","","","","","","","","","","","","","","","","","","","19.18518516121","","","","","","","","","","17.65852401106","","","","","","","","","","","","","","","17.65852401108","","","","","","","",
"Luxembourg","LUX","Urban land area where elevation is below 5 meters (sq. km)","AG.LND.EL5M.UR.K2","","","","","","","","","","","","","","","","","","","","","","","","","","","","","","","0","","","","","","","","","","0","","","","","","","","","","","","","","","0","","","","","","","",
"Latvia","LVA","Urban land area where elevation is below 5 meters (sq. km)","AG.LND.EL5M.UR.K2","","","","","","","","","","","","","","","","","","","","","","","","","","","","","","","100.3547873125","","","","","","","","","","99.7283838187","","","","","","","","","","","","","","","91.3389634392","","","","","","","",
"Macao SAR, China","MAC","Urban land area where elevation is below 5 meters (sq. km)","AG.LND.EL5M.UR.K2","","","","","","","","","","","","","","","","","","","","","","","","","","","","","","","6.71987052914","","","","","","","","","","8.24090618361","","","","","","","","","","","","","","","8.30704187323","","","","","","","",
"St. Martin (French part)","MAF","Urban land area where elevation is below 5 meters (sq. km)","AG.LND.EL5M.UR.K2","","","","","","","","","","","","","","","","","","","","","","","","","","","","","","","2.62771325186","","","","","","","","","","5.03388083726","","","","","","","","","","","","","","","6.29246141296","","","","","","","",
"Morocco","MAR","Urban land area where elevation is below 5 meters (sq. km)","AG.LND.EL5M.UR.K2","","","","","","","","","","","","","","","","","","","","","","","","","","","","","","","114.2450230805","","","","","","","","","","132.465763899","","","","","","","","","","","","","","","156.3325141154","","","","","","","",
"Monaco","MCO","Urban land area where elevation is below 5 meters (sq. km)","AG.LND.EL5M.UR.K2","","","","","","","","","","","","","","","","","","","","","","","","","","","","","","","0.557903757785","","","","","","","","","","0.557903757785","","","","","","","","","","","","","","","0.557903757785","","","","","","","",
"Moldova","MDA","Urban land area where elevation is below 5 meters (sq. km)","AG.LND.EL5M.UR.K2","","","","","","","","","","","","","","","","","","","","","","","","","","","","","","","0","","","","","","","","","","0","","","","","","","","","","","","","","","0","","","","","","","",
"Madagascar","MDG","Urban land area where elevation is below 5 meters (sq. km)","AG.LND.EL5M.UR.K2","","","","","","","","","","","","","","","","","","","","","","","","","","","","","","","56.921672622","","","","","","","","","","69.99174733157","","","","","","","","","","","","","","","106.0257426703","","","","","","","",
"Maldives","MDV","Urban land area where elevation is below 5 meters (sq. km)","AG.LND.EL5M.UR.K2","","","","","","","","","","","","","","","","","","","","","","","","","","","","","","","10.498962172","","","","","","","","","","11.03441577502","","","","","","","","","","","","","","","10.71175455703","","","","","","","",
"Middle East & North Africa","MEA","Urban land area where elevation is below 5 meters (sq. km)","AG.LND.EL5M.UR.K2","","","","","","","","","","","","","","","","","","","","","","","","","","","","","","","5381.17636005566","","","","","","","","","","6415.68447613799","","","","","","","","","","","","","","","7774.0680928699","","","","","","","",
"Mexico","MEX","Urban land area where elevation is below 5 meters (sq. km)","AG.LND.EL5M.UR.K2","","","","","","","","","","","","","","","","","","","","","","","","","","","","","","","251.319343948","","","","","","","","","","312.265488574","","","","","","","","","","","","","","","425.774183149","","","","","","","",
"Marshall Islands","MHL","Urban land area where elevation is below 5 meters (sq. km)","AG.LND.EL5M.UR.K2","","","","","","","","","","","","","","","","","","","","","","","","","","","","","","","2.87020611311","","","","","","","","","","4.95124440282","","","","","","","","","","","","","","","6.54788256637","","","","","","","",
"Middle income","MIC","Urban land area where elevation is below 5 meters (sq. km)","AG.LND.EL5M.UR.K2","","","","","","","","","","","","","","","","","","","","","","","","","","","","","","","59881.1153066213","","","","","","","","","","72658.3490018989","","","","","","","","","","","","","","","85823.9115730993","","","","","","","",
"North Macedonia","MKD","Urban land area where elevation is below 5 meters (sq. km)","AG.LND.EL5M.UR.K2","","","","","","","","","","","","","","","","","","","","","","","","","","","","","","","0","","","","","","","","","","0","","","","","","","","","","","","","","","0","","","","","","","",
"Mali","MLI","Urban land area where elevation is below 5 meters (sq. km)","AG.LND.EL5M.UR.K2","","","","","","","","","","","","","","","","","","","","","","","","","","","","","","","0","","","","","","","","","","0","","","","","","","","","","","","","","","0","","","","","","","",
"Malta","MLT","Urban land area where elevation is below 5 meters (sq. km)","AG.LND.EL5M.UR.K2","","","","","","","","","","","","","","","","","","","","","","","","","","","","","","","5.66239163292","","","","","","","","","","5.99002332625","","","","","","","","","","","","","","","6.55031866033","","","","","","","",
"Myanmar","MMR","Urban land area where elevation is below 5 meters (sq. km)","AG.LND.EL5M.UR.K2","","","","","","","","","","","","","","","","","","","","","","","","","","","","","","","197.5513646404","","","","","","","","","","305.967648111","","","","","","","","","","","","","","","365.948274555","","","","","","","",
"Middle East & North Africa (excluding high income)","MNA","Urban land area where elevation is below 5 meters (sq. km)","AG.LND.EL5M.UR.K2","","","","","","","","","","","","","","","","","","","","","","","","","","","","","","","4489.03358763582","","","","","","","","","","5371.66762370601","","","","","","","","","","","","","","","6356.31260415037","","","","","","","",
"Montenegro","MNE","Urban land area where elevation is below 5 meters (sq. km)","AG.LND.EL5M.UR.K2","","","","","","","","","","","","","","","","","","","","","","","","","","","","","","","14.4771202716","","","","","","","","","","14.5679813127","","","","","","","","","","","","","","","14.7477249305","","","","","","","",
"Mongolia","MNG","Urban land area where elevation is below 5 meters (sq. km)","AG.LND.EL5M.UR.K2","","","","","","","","","","","","","","","","","","","","","","","","","","","","","","","0","","","","","","","","","","0","","","","","","","","","","","","","","","0","","","","","","","",
"Northern Mariana Islands","MNP","Urban land area where elevation is below 5 meters (sq. km)","AG.LND.EL5M.UR.K2","","","","","","","","","","","","","","","","","","","","","","","","","","","","","","","1.45727218036","","","","","","","","","","1.66294148285","","","","","","","","","","","","","","","1.45727218036","","","","","","","",
"Mozambique","MOZ","Urban land area where elevation is below 5 meters (sq. km)","AG.LND.EL5M.UR.K2","","","","","","","","","","","","","","","","","","","","","","","","","","","","","","","80.2848307425","","","","","","","","","","99.9586713925","","","","","","","","","","","","","","","126.8116485812","","","","","","","",
"Mauritania","MRT","Urban land area where elevation is below 5 meters (sq. km)","AG.LND.EL5M.UR.K2","","","","","","","","","","","","","","","","","","","","","","","","","","","","","","","106.9448494734","","","","","","","","","","108.7103263664","","","","","","","","","","","","","","","115.137051077","","","","","","","",
"Mauritius","MUS","Urban land area where elevation is below 5 meters (sq. km)","AG.LND.EL5M.UR.K2","","","","","","","","","","","","","","","","","","","","","","","","","","","","","","","10.96957810238","","","","","","","","","","12.31423559985","","","","","","","","","","","","","","","17.40196437709","","","","","","","",
"Malawi","MWI","Urban land area where elevation is below 5 meters (sq. km)","AG.LND.EL5M.UR.K2","","","","","","","","","","","","","","","","","","","","","","","","","","","","","","","0","","","","","","","","","","0","","","","","","","","","","","","","","","0","","","","","","","",
"Malaysia","MYS","Urban land area where elevation is below 5 meters (sq. km)","AG.LND.EL5M.UR.K2","","","","","","","","","","","","","","","","","","","","","","","","","","","","","","","990.960314949","","","","","","","","","","1355.586894293","","","","","","","","","","","","","","","1730.753545104","","","","","","","",
"North America","NAC","Urban land area where elevation is below 5 meters (sq. km)","AG.LND.EL5M.UR.K2","","","","","","","","","","","","","","","","","","","","","","","","","","","","","","","4092.04386304553","","","","","","","","","","4615.70133027539","","","","","","","","","","","","","","","5305.79490425488","","","","","","","",
"Namibia","NAM","Urban land area where elevation is below 5 meters (sq. km)","AG.LND.EL5M.UR.K2","","","","","","","","","","","","","","","","","","","","","","","","","","","","","","","0.326425135136","","","","","","","","","","2.78726485372","","","","","","","","","","","","","","","3.449184295726","","","","","","","",
"New Caledonia","NCL","Urban land area where elevation is below 5 meters (sq. km)","AG.LND.EL5M.UR.K2","","","","","","","","","","","","","","","","","","","","","","","","","","","","","","","6.72820648551","","","","","","","","","","6.90183551423","","","","","","","","","","","","","","","12.14126249476","","","","","","","",
"Niger","NER","Urban land area where elevation is below 5 meters (sq. km)","AG.LND.EL5M.UR.K2","","","","","","","","","","","","","","","","","","","","","","","","","","","","","","","0","","","","","","","","","","0","","","","","","","","","","","","","","","0","","","","","","","",
"Nigeria","NGA","Urban land area where elevation is below 5 meters (sq. km)","AG.LND.EL5M.UR.K2","","","","","","","","","","","","","","","","","","","","","","","","","","","","","","","605.203977552","","","","","","","","","","731.963211671","","","","","","","","","","","","","","","989.307117024","","","","","","","",
"Nicaragua","NIC","Urban land area where elevation is below 5 meters (sq. km)","AG.LND.EL5M.UR.K2","","","","","","","","","","","","","","","","","","","","","","","","","","","","","","","8.3276458832","","","","","","","","","","10.2772064983","","","","","","","","","","","","","","","14.64628560388","","","","","","","",
"Netherlands","NLD","Urban land area where elevation is below 5 meters (sq. km)","AG.LND.EL5M.UR.K2","","","","","","","","","","","","","","","","","","","","","","","","","","","","","","","3562.81537865","","","","","","","","","","3980.19689745","","","","","","","","","","","","","","","4256.8546689","","","","","","","",
"Norway","NOR","Urban land area where elevation is below 5 meters (sq. km)","AG.LND.EL5M.UR.K2","","","","","","","","","","","","","","","","","","","","","","","","","","","","","","","115.8100041262","","","","","","","","","","119.5226792584","","","","","","","","","","","","","","","131.0225932197","","","","","","","",
"Nepal","NPL","Urban land area where elevation is below 5 meters (sq. km)","AG.LND.EL5M.UR.K2","","","","","","","","","","","","","","","","","","","","","","","","","","","","","","","0","","","","","","","","","","0","","","","","","","","","","","","","","","0","","","","","","","",
"Nauru","NRU","Urban land area where elevation is below 5 meters (sq. km)","AG.LND.EL5M.UR.K2","","","","","","","","","","","","","","","","","","","","","","","","","","","","","","","1.20586030185","","","","","","","","","","1.29766732454","","","","","","","","","","","","","","","1.29766732454","","","","","","","",
"New Zealand","NZL","Urban land area where elevation is below 5 meters (sq. km)","AG.LND.EL5M.UR.K2","","","","","","","","","","","","","","","","","","","","","","","","","","","","","","","94.2390531188","","","","","","","","","","106.9428107576","","","","","","","","","","","","","","","118.3659218639","","","","","","","",
"OECD members","OED","Urban land area where elevation is below 5 meters (sq. km)","AG.LND.EL5M.UR.K2","","","","","","","","","","","","","","","","","","","","","","","","","","","","","","","21835.3546951884","","","","","","","","","","23533.5808326152","","","","","","","","","","","","","","","25294.7097121352","","","","","","","",
"Oman","OMN","Urban land area where elevation is below 5 meters (sq. km)","AG.LND.EL5M.UR.K2","","","","","","","","","","","","","","","","","","","","","","","","","","","","","","","55.20591228022","","","","","","","","","","85.86724015259","","","","","","","","","","","","","","","141.8995061863","","","","","","","",
"Other small states","OSS","Urban land area where elevation is below 5 meters (sq. km)","AG.LND.EL5M.UR.K2","","","","","","","","","","","","","","","","","","","","","","","","","","","","","","","322.714171110876","","","","","","","","","","381.85011527596","","","","","","","","","","","","","","","500.636790094179","","","","","","","",
"Pakistan","PAK","Urban land area where elevation is below 5 meters (sq. km)","AG.LND.EL5M.UR.K2","","","","","","","","","","","","","","","","","","","","","","","","","","","","","","","53.0296987939","","","","","","","","","","58.0459653836","","","","","","","","","","","","","","","69.9854285613","","","","","","","",
"Panama","PAN","Urban land area where elevation is below 5 meters (sq. km)","AG.LND.EL5M.UR.K2","","","","","","","","","","","","","","","","","","","","","","","","","","","","","","","39.19995196743","","","","","","","","","","46.9682198894","","","","","","","","","","","","","","","52.4920408431","","","","","","","",
"Peru","PER","Urban land area where elevation is below 5 meters (sq. km)","AG.LND.EL5M.UR.K2","","","","","","","","","","","","","","","","","","","","","","","","","","","","","","","36.3867245608","","","","","","","","","","48.4964292396","","","","","","","","","","","","","","","58.567131887","","","","","","","",
"Philippines","PHL","Urban land area where elevation is below 5 meters (sq. km)","AG.LND.EL5M.UR.K2","","","","","","","","","","","","","","","","","","","","","","","","","","","","","","","1110.783128511","","","","","","","","","","1236.225031424","","","","","","","","","","","","","","","1511.452095905","","","","","","","",
"Palau","PLW","Urban land area where elevation is below 5 meters (sq. km)","AG.LND.EL5M.UR.K2","","","","","","","","","","","","","","","","","","","","","","","","","","","","","","","1.74430091865","","","","","","","","","","1.74430091865","","","","","","","","","","","","","","","1.74430091865","","","","","","","",
"Papua New Guinea","PNG","Urban land area where elevation is below 5 meters (sq. km)","AG.LND.EL5M.UR.K2","","","","","","","","","","","","","","","","","","","","","","","","","","","","","","","35.70234318166","","","","","","","","","","41.0119070792","","","","","","","","","","","","","","","47.4538213023","","","","","","","",
"Poland","POL","Urban land area where elevation is below 5 meters (sq. km)","AG.LND.EL5M.UR.K2","","","","","","","","","","","","","","","","","","","","","","","","","","","","","","","196.1285348683","","","","","","","","","","207.611603962","","","","","","","","","","","","","","","222.037563726","","","","","","","",
"Pre-demographic dividend","PRE","Urban land area where elevation is below 5 meters (sq. km)","AG.LND.EL5M.UR.K2","","","","","","","","","","","","","","","","","","","","","","","","","","","","","","","1714.16500614373","","","","","","","","","","2091.58907466716","","","","","","","","","","","","","","","2760.34788743891","","","","","","","",
"Puerto Rico","PRI","Urban land area where elevation is below 5 meters (sq. km)","AG.LND.EL5M.UR.K2","","","","","","","","","","","","","","","","","","","","","","","","","","","","","","","157.018880392","","","","","","","","","","178.0160907931","","","","","","","","","","","","","","","178.0186702651","","","","","","","",
"Korea, Dem. People's Rep.","PRK","Urban land area where elevation is below 5 meters (sq. km)","AG.LND.EL5M.UR.K2","","","","","","","","","","","","","","","","","","","","","","","","","","","","","","","132.3751754697","","","","","","","","","","156.8240536176","","","","","","","","","","","","","","","166.8422477621","","","","","","","",
"Portugal","PRT","Urban land area where elevation is below 5 meters (sq. km)","AG.LND.EL5M.UR.K2","","","","","","","","","","","","","","","","","","","","","","","","","","","","","","","107.6351472447","","","","","","","","","","118.0143752831","","","","","","","","","","","","","","","121.8610687789","","","","","","","",
"Paraguay","PRY","Urban land area where elevation is below 5 meters (sq. km)","AG.LND.EL5M.UR.K2","","","","","","","","","","","","","","","","","","","","","","","","","","","","","","","0","","","","","","","","","","0","","","","","","","","","","","","","","","0","","","","","","","",
"West Bank and Gaza","PSE","Urban land area where elevation is below 5 meters (sq. km)","AG.LND.EL5M.UR.K2","","","","","","","","","","","","","","","","","","","","","","","","","","","","","","","6.5228726458","","","","","","","","","","6.68265480215","","","","","","","","","","","","","","","7.41651133487","","","","","","","",
"Pacific island small states","PSS","Urban land area where elevation is below 5 meters (sq. km)","AG.LND.EL5M.UR.K2","","","","","","","","","","","","","","","","","","","","","","","","","","","","","","","33.650107172097","","","","","","","","","","40.689489248922","","","","","","","","","","","","","","","59.41575038916","","","","","","","",
"Post-demographic dividend","PST","Urban land area where elevation is below 5 meters (sq. km)","AG.LND.EL5M.UR.K2","","","","","","","","","","","","","","","","","","","","","","","","","","","","","","","21051.5474575445","","","","","","","","","","22553.5927047038","","","","","","","","","","","","","","","24075.631765042","","","","","","","",
"French Polynesia","PYF","Urban land area where elevation is below 5 meters (sq. km)","AG.LND.EL5M.UR.K2","","","","","","","","","","","","","","","","","","","","","","","","","","","","","","","8.63934071829","","","","","","","","","","9.88289013693","","","","","","","","","","","","","","","10.88302110821","","","","","","","",
"Qatar","QAT","Urban land area where elevation is below 5 meters (sq. km)","AG.LND.EL5M.UR.K2","","","","","","","","","","","","","","","","","","","","","","","","","","","","","","","26.4045147785","","","","","","","","","","42.66581385404","","","","","","","","","","","","","","","102.2276143134","","","","","","","",
"Romania","ROU","Urban land area where elevation is below 5 meters (sq. km)","AG.LND.EL5M.UR.K2","","","","","","","","","","","","","","","","","","","","","","","","","","","","","","","28.61030666183","","","","","","","","","","27.74557903279","","","","","","","","","","","","","","","26.70800738193","","","","","","","",
"Russian Federation","RUS","Urban land area where elevation is below 5 meters (sq. km)","AG.LND.EL5M.UR.K2","","","","","","","","","","","","","","","","","","","","","","","","","","","","","","","564.692086245","","","","","","","","","","585.293523991","","","","","","","","","","","","","","","580.996330188","","","","","","","",
"Rwanda","RWA","Urban land area where elevation is below 5 meters (sq. km)","AG.LND.EL5M.UR.K2","","","","","","","","","","","","","","","","","","","","","","","","","","","","","","","0","","","","","","","","","","0","","","","","","","","","","","","","","","0","","","","","","","",
"South Asia","SAS","Urban land area where elevation is below 5 meters (sq. km)","AG.LND.EL5M.UR.K2","","","","","","","","","","","","","","","","","","","","","","","","","","","","","","","11548.0487199787","","","","","","","","","","12964.9042275126","","","","","","","","","","","","","","","14391.5944390783","","","","","","","",
"Saudi Arabia","SAU","Urban land area where elevation is below 5 meters (sq. km)","AG.LND.EL5M.UR.K2","","","","","","","","","","","","","","","","","","","","","","","","","","","","","","","257.0764861323","","","","","","","","","","305.5250945974","","","","","","","","","","","","","","","379.483885011","","","","","","","",
"Sudan","SDN","Urban land area where elevation is below 5 meters (sq. km)","AG.LND.EL5M.UR.K2","","","","","","","","","","","","","","","","","","","","","","","","","","","","","","","12.68690344878","","","","","","","","","","16.91787254253","","","","","","","","","","","","","","","22.71477095597","","","","","","","",
"Senegal","SEN","Urban land area where elevation is below 5 meters (sq. km)","AG.LND.EL5M.UR.K2","","","","","","","","","","","","","","","","","","","","","","","","","","","","","","","94.1837878571","","","","","","","","","","116.8928264069","","","","","","","","","","","","","","","165.3646243342","","","","","","","",
"Singapore","SGP","Urban land area where elevation is below 5 meters (sq. km)","AG.LND.EL5M.UR.K2","","","","","","","","","","","","","","","","","","","","","","","","","","","","","","","16.19006222786","","","","","","","","","","18.688658269078","","","","","","","","","","","","","","","20.994755777122","","","","","","","",
"Solomon Islands","SLB","Urban land area where elevation is below 5 meters (sq. km)","AG.LND.EL5M.UR.K2","","","","","","","","","","","","","","","","","","","","","","","","","","","","","","","1.42503688857","","","","","","","","","","4.00507671013","","","","","","","","","","","","","","","7.56479294133","","","","","","","",
"Sierra Leone","SLE","Urban land area where elevation is below 5 meters (sq. km)","AG.LND.EL5M.UR.K2","","","","","","","","","","","","","","","","","","","","","","","","","","","","","","","21.29196994051","","","","","","","","","","23.87792725531","","","","","","","","","","","","","","","38.7381413628","","","","","","","",
"El Salvador","SLV","Urban land area where elevation is below 5 meters (sq. km)","AG.LND.EL5M.UR.K2","","","","","","","","","","","","","","","","","","","","","","","","","","","","","","","8.85406603754","","","","","","","","","","12.7629375262","","","","","","","","","","","","","","","14.8372448636","","","","","","","",
"San Marino","SMR","Urban land area where elevation is below 5 meters (sq. km)","AG.LND.EL5M.UR.K2","","","","","","","","","","","","","","","","","","","","","","","","","","","","","","","0","","","","","","","","","","0","","","","","","","","","","","","","","","0","","","","","","","",
"Somalia","SOM","Urban land area where elevation is below 5 meters (sq. km)","AG.LND.EL5M.UR.K2","","","","","","","","","","","","","","","","","","","","","","","","","","","","","","","26.3273229587","","","","","","","","","","26.3273229587","","","","","","","","","","","","","","","27.8949834618","","","","","","","",
"Serbia","SRB","Urban land area where elevation is below 5 meters (sq. km)","AG.LND.EL5M.UR.K2","","","","","","","","","","","","","","","","","","","","","","","","","","","","","","","0","","","","","","","","","","0","","","","","","","","","","","","","","","0","","","","","","","",
"Sub-Saharan Africa (excluding high income)","SSA","Urban land area where elevation is below 5 meters (sq. km)","AG.LND.EL5M.UR.K2","","","","","","","","","","","","","","","","","","","","","","","","","","","","","","","1852.26511925007","","","","","","","","","","2236.78925630208","","","","","","","","","","","","","","","2951.97324661997","","","","","","","",
"South Sudan","SSD","Urban land area where elevation is below 5 meters (sq. km)","AG.LND.EL5M.UR.K2","","","","","","","","","","","","","","","","","","","","","","","","","","","","","","","0","","","","","","","","","","0","","","","","","","","","","","","","","","0","","","","","","","",
"Sub-Saharan Africa","SSF","Urban land area where elevation is below 5 meters (sq. km)","AG.LND.EL5M.UR.K2","","","","","","","","","","","","","","","","","","","","","","","","","","","","","","","1855.50922745573","","","","","","","","","","2240.39464577977","","","","","","","","","","","","","","","2956.77252910931","","","","","","","",
"Small states","SST","Urban land area where elevation is below 5 meters (sq. km)","AG.LND.EL5M.UR.K2","","","","","","","","","","","","","","","","","","","","","","","","","","","","","","","800.09704226652","","","","","","","","","","953.496246698892","","","","","","","","","","","","","","","1181.03658534065","","","","","","","",
"Sao Tome and Principe","STP","Urban land area where elevation is below 5 meters (sq. km)","AG.LND.EL5M.UR.K2","","","","","","","","","","","","","","","","","","","","","","","","","","","","","","","1.08138059929","","","","","","","","","","1.13904452056","","","","","","","","","","","","","","","1.132888365537","","","","","","","",
"Suriname","SUR","Urban land area where elevation is below 5 meters (sq. km)","AG.LND.EL5M.UR.K2","","","","","","","","","","","","","","","","","","","","","","","","","","","","","","","109.2535034072","","","","","","","","","","152.177787265","","","","","","","","","","","","","","","207.0835454409","","","","","","","",
"Slovak Republic","SVK","Urban land area where elevation is below 5 meters (sq. km)","AG.LND.EL5M.UR.K2","","","","","","","","","","","","","","","","","","","","","","","","","","","","","","","0","","","","","","","","","","0","","","","","","","","","","","","","","","0","","","","","","","",
"Slovenia","SVN","Urban land area where elevation is below 5 meters (sq. km)","AG.LND.EL5M.UR.K2","","","","","","","","","","","","","","","","","","","","","","","","","","","","","","","11.6530758969","","","","","","","","","","11.6530758969","","","","","","","","","","","","","","","12.4228142925","","","","","","","",
"Sweden","SWE","Urban land area where elevation is below 5 meters (sq. km)","AG.LND.EL5M.UR.K2","","","","","","","","","","","","","","","","","","","","","","","","","","","","","","","249.5180213502","","","","","","","","","","258.816962132","","","","","","","","","","","","","","","274.3979452033","","","","","","","",
"Eswatini","SWZ","Urban land area where elevation is below 5 meters (sq. km)","AG.LND.EL5M.UR.K2","","","","","","","","","","","","","","","","","","","","","","","","","","","","","","","0","","","","","","","","","","0","","","","","","","","","","","","","","","0","","","","","","","",
"Sint Maarten (Dutch part)","SXM","Urban land area where elevation is below 5 meters (sq. km)","AG.LND.EL5M.UR.K2","","","","","","","","","","","","","","","","","","","","","","","","","","","","","","","1.81356094684","","","","","","","","","","2.40869063954","","","","","","","","","","","","","","","3.80337972823","","","","","","","",
"Seychelles","SYC","Urban land area where elevation is below 5 meters (sq. km)","AG.LND.EL5M.UR.K2","","","","","","","","","","","","","","","","","","","","","","","","","","","","","","","3.24410820566","","","","","","","","","","3.60538947769","","","","","","","","","","","","","","","4.79928248934","","","","","","","",
"Syrian Arab Republic","SYR","Urban land area where elevation is below 5 meters (sq. km)","AG.LND.EL5M.UR.K2","","","","","","","","","","","","","","","","","","","","","","","","","","","","","","","24.40280426951","","","","","","","","","","26.4595886633","","","","","","","","","","","","","","","26.445725651","","","","","","","",
"Turks and Caicos Islands","TCA","Urban land area where elevation is below 5 meters (sq. km)","AG.LND.EL5M.UR.K2","","","","","","","","","","","","","","","","","","","","","","","","","","","","","","","0","","","","","","","","","","1.6778395077","","","","","","","","","","","","","","","4.12261220766","","","","","","","",
"Chad","TCD","Urban land area where elevation is below 5 meters (sq. km)","AG.LND.EL5M.UR.K2","","","","","","","","","","","","","","","","","","","","","","","","","","","","","","","0","","","","","","","","","","0","","","","","","","","","","","","","","","0","","","","","","","",
"East Asia & Pacific (IDA & IBRD countries)","TEA","Urban land area where elevation is below 5 meters (sq. km)","AG.LND.EL5M.UR.K2","","","","","","","","","","","","","","","","","","","","","","","","","","","","","","","38646.3231663278","","","","","","","","","","48255.8034158644","","","","","","","","","","","","","","","57818.9858979931","","","","","","","",
"Europe & Central Asia (IDA & IBRD countries)","TEC","Urban land area where elevation is below 5 meters (sq. km)","AG.LND.EL5M.UR.K2","","","","","","","","","","","","","","","","","","","","","","","","","","","","","","","1719.37274068784","","","","","","","","","","1837.27627503502","","","","","","","","","","","","","","","1936.48997148053","","","","","","","",
"Togo","TGO","Urban land area where elevation is below 5 meters (sq. km)","AG.LND.EL5M.UR.K2","","","","","","","","","","","","","","","","","","","","","","","","","","","","","","","29.38147508612","","","","","","","","","","34.062929726","","","","","","","","","","","","","","","35.9698888323","","","","","","","",
"Thailand","THA","Urban land area where elevation is below 5 meters (sq. km)","AG.LND.EL5M.UR.K2","","","","","","","","","","","","","","","","","","","","","","","","","","","","","","","2139.590649708","","","","","","","","","","3040.45742058","","","","","","","","","","","","","","","4007.04395499","","","","","","","",
"Tajikistan","TJK","Urban land area where elevation is below 5 meters (sq. km)","AG.LND.EL5M.UR.K2","","","","","","","","","","","","","","","","","","","","","","","","","","","","","","","0","","","","","","","","","","0","","","","","","","","","","","","","","","0","","","","","","","",
"Turkmenistan","TKM","Urban land area where elevation is below 5 meters (sq. km)","AG.LND.EL5M.UR.K2","","","","","","","","","","","","","","","","","","","","","","","","","","","","","","","0","","","","","","","","","","0","","","","","","","","","","","","","","","0","","","","","","","",
"Latin America & the Caribbean (IDA & IBRD countries)","TLA","Urban land area where elevation is below 5 meters (sq. km)","AG.LND.EL5M.UR.K2","","","","","","","","","","","","","","","","","","","","","","","","","","","","","","","2714.10700161378","","","","","","","","","","3244.58350337922","","","","","","","","","","","","","","","3844.94581494384","","","","","","","",
"Timor-Leste","TLS","Urban land area where elevation is below 5 meters (sq. km)","AG.LND.EL5M.UR.K2","","","","","","","","","","","","","","","","","","","","","","","","","","","","","","","2.93554354227","","","","","","","","","","5.56473718537","","","","","","","","","","","","","","","6.49206826044","","","","","","","",
"Middle East & North Africa (IDA & IBRD countries)","TMN","Urban land area where elevation is below 5 meters (sq. km)","AG.LND.EL5M.UR.K2","","","","","","","","","","","","","","","","","","","","","","","","","","","","","","","4482.51071499002","","","","","","","","","","5364.98496890386","","","","","","","","","","","","","","","6348.8960928155","","","","","","","",
"Tonga","TON","Urban land area where elevation is below 5 meters (sq. km)","AG.LND.EL5M.UR.K2","","","","","","","","","","","","","","","","","","","","","","","","","","","","","","","6.88643111568","","","","","","","","","","6.20044370648","","","","","","","","","","","","","","","6.20044370648","","","","","","","",
"South Asia (IDA & IBRD)","TSA","Urban land area where elevation is below 5 meters (sq. km)","AG.LND.EL5M.UR.K2","","","","","","","","","","","","","","","","","","","","","","","","","","","","","","","11548.0487199787","","","","","","","","","","12964.9042275126","","","","","","","","","","","","","","","14391.5944390783","","","","","","","",
"Sub-Saharan Africa (IDA & IBRD countries)","TSS","Urban land area where elevation is below 5 meters (sq. km)","AG.LND.EL5M.UR.K2","","","","","","","","","","","","","","","","","","","","","","","","","","","","","","","1855.50922745573","","","","","","","","","","2240.39464577977","","","","","","","","","","","","","","","2956.77252910931","","","","","","","",
"Trinidad and Tobago","TTO","Urban land area where elevation is below 5 meters (sq. km)","AG.LND.EL5M.UR.K2","","","","","","","","","","","","","","","","","","","","","","","","","","","","","","","38.27411568719","","","","","","","","","","43.27109477099","","","","","","","","","","","","","","","51.53178137535","","","","","","","",
"Tunisia","TUN","Urban land area where elevation is below 5 meters (sq. km)","AG.LND.EL5M.UR.K2","","","","","","","","","","","","","","","","","","","","","","","","","","","","","","","274.269171191","","","","","","","","","","299.500434137","","","","","","","","","","","","","","","328.082752048","","","","","","","",
"Turkiye","TUR","Urban land area where elevation is below 5 meters (sq. km)","AG.LND.EL5M.UR.K2","","","","","","","","","","","","","","","","","","","","","","","","","","","","","","","473.323592452","","","","","","","","","","560.82382549","","","","","","","","","","","","","","","643.444358668","","","","","","","",
"Tuvalu","TUV","Urban land area where elevation is below 5 meters (sq. km)","AG.LND.EL5M.UR.K2","","","","","","","","","","","","","","","","","","","","","","","","","","","","","","","0","","","","","","","","","","0","","","","","","","","","","","","","","","0","","","","","","","",
"Tanzania","TZA","Urban land area where elevation is below 5 meters (sq. km)","AG.LND.EL5M.UR.K2","","","","","","","","","","","","","","","","","","","","","","","","","","","","","","","23.61072189756","","","","","","","","","","31.9545265411","","","","","","","","","","","","","","","38.3332124942","","","","","","","",
"Uganda","UGA","Urban land area where elevation is below 5 meters (sq. km)","AG.LND.EL5M.UR.K2","","","","","","","","","","","","","","","","","","","","","","","","","","","","","","","0","","","","","","","","","","0","","","","","","","","","","","","","","","0","","","","","","","",
"Ukraine","UKR","Urban land area where elevation is below 5 meters (sq. km)","AG.LND.EL5M.UR.K2","","","","","","","","","","","","","","","","","","","","","","","","","","","","","","","232.7954066868","","","","","","","","","","228.2295941728","","","","","","","","","","","","","","","222.781290524","","","","","","","",
"Upper middle income","UMC","Urban land area where elevation is below 5 meters (sq. km)","AG.LND.EL5M.UR.K2","","","","","","","","","","","","","","","","","","","","","","","","","","","","","","","28710.9784981278","","","","","","","","","","36066.8469299455","","","","","","","","","","","","","","","44099.8173457678","","","","","","","",
"Uruguay","URY","Urban land area where elevation is below 5 meters (sq. km)","AG.LND.EL5M.UR.K2","","","","","","","","","","","","","","","","","","","","","","","","","","","","","","","38.086192398","","","","","","","","","","46.8953966982","","","","","","","","","","","","","","","51.7657113544","","","","","","","",
"United States","USA","Urban land area where elevation is below 5 meters (sq. km)","AG.LND.EL5M.UR.K2","","","","","","","","","","","","","","","","","","","","","","","","","","","","","","","3868.45374157449","","","","","","","","","","4371.43447397282","","","","","","","","","","","","","","","5003.99240663278","","","","","","","",
"Uzbekistan","UZB","Urban land area where elevation is below 5 meters (sq. km)","AG.LND.EL5M.UR.K2","","","","","","","","","","","","","","","","","","","","","","","","","","","","","","","0","","","","","","","","","","0","","","","","","","","","","","","","","","0","","","","","","","",
"St. Vincent and the Grenadines","VCT","Urban land area where elevation is below 5 meters (sq. km)","AG.LND.EL5M.UR.K2","","","","","","","","","","","","","","","","","","","","","","","","","","","","","","","3.24510117038","","","","","","","","","","3.51060484885","","","","","","","","","","","","","","","3.61285046278","","","","","","","",
"Venezuela, RB","VEN","Urban land area where elevation is below 5 meters (sq. km)","AG.LND.EL5M.UR.K2","","","","","","","","","","","","","","","","","","","","","","","","","","","","","","","255.9833230001","","","","","","","","","","287.441896217","","","","","","","","","","","","","","","328.345636619","","","","","","","",
"British Virgin Islands","VGB","Urban land area where elevation is below 5 meters (sq. km)","AG.LND.EL5M.UR.K2","","","","","","","","","","","","","","","","","","","","","","","","","","","","","","","0","","","","","","","","","","1.12717712857","","","","","","","","","","","","","","","2.11071951408","","","","","","","",
"Virgin Islands (U.S.)","VIR","Urban land area where elevation is below 5 meters (sq. km)","AG.LND.EL5M.UR.K2","","","","","","","","","","","","","","","","","","","","","","","","","","","","","","","5.76551083266","","","","","","","","","","6.81464580051","","","","","","","","","","","","","","","7.4410760568","","","","","","","",
"Viet Nam","VNM","Urban land area where elevation is below 5 meters (sq. km)","AG.LND.EL5M.UR.K2","","","","","","","","","","","","","","","","","","","","","","","","","","","","","","","9167.28609755","","","","","","","","","","10967.6506083","","","","","","","","","","","","","","","12038.38831231","","","","","","","",
"Vanuatu","VUT","Urban land area where elevation is below 5 meters (sq. km)","AG.LND.EL5M.UR.K2","","","","","","","","","","","","","","","","","","","","","","","","","","","","","","","1.27090234682","","","","","","","","","","2.63628979214","","","","","","","","","","","","","","","4.51438262872","","","","","","","",
"World","WLD","Urban land area where elevation is below 5 meters (sq. km)","AG.LND.EL5M.UR.K2","","","","","","","","","","","","","","","","","","","","","","","","","","","","","","","83602.7402436008","","","","","","","","","","98325.7953683419","","","","","","","","","","","","","","","113659.378128469","","","","","","","",
"Samoa","WSM","Urban land area where elevation is below 5 meters (sq. km)","AG.LND.EL5M.UR.K2","","","","","","","","","","","","","","","","","","","","","","","","","","","","","","","1.22418386489","","","","","","","","","","1.53573482111","","","","","","","","","","","","","","","3.49922843021","","","","","","","",
"Kosovo","XKX","Urban land area where elevation is below 5 meters (sq. km)","AG.LND.EL5M.UR.K2","","","","","","","","","","","","","","","","","","","","","","","","","","","","","","","","","","","","","","","","","","","","","","","","","","","","","","","","","","","","","","","",
"Yemen, Rep.","YEM","Urban land area where elevation is below 5 meters (sq. km)","AG.LND.EL5M.UR.K2","","","","","","","","","","","","","","","","","","","","","","","","","","","","","","","24.71369730893","","","","","","","","","","35.3597669501","","","","","","","","","","","","","","","54.2315133892","","","","","","","",
"South Africa","ZAF","Urban land area where elevation is below 5 meters (sq. km)","AG.LND.EL5M.UR.K2","","","","","","","","","","","","","","","","","","","","","","","","","","","","","","","65.8344552587","","","","","","","","","","79.2611280796","","","","","","","","","","","","","","","99.1941413495","","","","","","","",
"Zambia","ZMB","Urban land area where elevation is below 5 meters (sq. km)","AG.LND.EL5M.UR.K2","","","","","","","","","","","","","","","","","","","","","","","","","","","","","","","0","","","","","","","","","","0","","","","","","","","","","","","","","","0","","","","","","","",
"Zimbabwe","ZWE","Urban land area where elevation is below 5 meters (sq. km)","AG.LND.EL5M.UR.K2","","","","","","","","","","","","","","","","","","","","","","","","","","","","","","","0","","","","","","","","","","0","","","","","","","","","","","","","","","0","","","","","","","",
